{"type":"FeatureCollection","features":[{"type":"Feature","geometry":{"type":"Polygon","coordinates":[[[22.94,59.809],[22.375,59.822],[20.787,59.664],[20.205,59.822],[18.971,59.757],[18.509,59.408],[18.285,59.11],[17.457,58.858],[16.652,58.434],[16.77,58.214],[16.556,57.812],[16.653,57.501],[16.476,57.265],[16.528,57.068],[16.349,56.709],[15.997,56.222],[15.326,56.151],[14.782,56.162],[14.215,55.832],[14.342,55.528],[14.174,55.396],[13.806,55.429],[13.321,55.347],[12.885,55.404],[12.09,55.188],[12.056,54.846],[12.464,54.399],[13.029,54.411],[13.448,54.141],[13.828,54.127],[14.25,53.932],[16.186,54.29],[16.56,54.554],[17.262,54.73],[18.324,54.838],[18.67,54.431],[18.976,54.349],[19.407,54.386],[19.759,54.545],[19.975,54.921],[20.52,54.995],[20.846,55.232],[21.158,55.641],[21.015,56.259],[21.072,56.824],[21.351,57.018],[21.459,57.323],[21.74,57.573],[22.555,57.724],[23.137,57.324],[23.287,57.09],[23.648,56.971],[24.281,57.172],[24.403,57.325],[24.302,57.784],[24.529,58.354],[24.115,58.266],[23.768,58.361],[23.509,58.659],[23.477,59.026],[23.481,59.071],[22.94,59.809]],[[22.92,58.981],[23.009,58.834],[22.521,58.697],[22.411,58.863],[22.587,59.081],[22.92,58.981]],[[22.463,58.603],[22.964,58.606],[23.293,58.484],[22.73,58.231],[22.27,58.161],[22.022,57.933],[22.181,58.156],[21.882,58.262],[22.081,58.478],[22.463,58.603]],[[18.956,57.9],[18.814,57.706],[18.7,57.243],[18.285,57.083],[18.105,57.272],[18.136,57.556],[18.537,57.831],[18.956,57.9]],[[17.089,57.332],[16.529,56.291],[16.412,56.569],[17.089,57.332]],[[13.181,54.509],[13.423,54.699],[13.671,54.535],[13.364,54.246],[13.181,54.509]]]},"properties":{"id":"BALTIC-SEA","unit":"BALTIC-SEA","name":"Baltic Sea","level":"region"}},{"type":"Feature","geometry":{"type":"Polygon","coordinates":[[[27.271,52.361],[27.128,52.416],[27.143,52.473],[27.06,52.52],[27.04,52.575],[27.057,52.605],[27.176,52.609],[27.157,52.67],[27.054,52.681],[27.021,52.745],[26.956,52.74],[26.8,52.773],[26.739,52.83],[26.652,52.839],[26.578,52.886],[26.531,52.85],[26.44,52.829],[26.407,52.865],[26.442,52.889],[26.383,52.968],[26.425,53.044],[26.515,53.064],[26.463,53.113],[26.382,53.118],[26.329,53.17],[26.274,53.177],[26.294,53.225],[26.399,53.265],[26.377,53.365],[26.273,53.351],[26.082,53.374],[25.898,53.376],[25.873,53.389],[25.72,53.395],[25.648,53.332],[25.636,53.287],[25.569,53.244],[25.601,53.212],[25.55,53.184],[25.599,53.127],[25.525,53.025],[25.463,53],[25.405,52.942],[25.327,52.937],[25.323,52.841],[25.259,52.865],[25.192,52.848],[25.053,52.841],[25.051,52.876],[24.956,52.904],[24.929,52.96],[24.877,52.965],[24.801,52.933],[24.686,52.96],[24.614,52.939],[24.652,52.908],[24.571,52.865],[24.587,52.844],[24.541,52.795],[24.553,52.748],[24.469,52.741],[24.388,52.775],[24.198,52.776],[24.144,52.798],[24.071,52.768],[23.92,52.773],[23.909,52.7],[23.869,52.67],[23.736,52.615],[23.569,52.586],[23.392,52.51],[23.212,52.348],[23.176,52.285],[23.212,52.232],[23.396,52.2],[23.485,52.159],[23.512,52.124],[23.579,52.122],[23.637,52.084],[23.676,51.994],[23.648,51.974],[23.595,51.843],[23.629,51.81],[23.56,51.755],[23.56,51.672],[23.54,51.607],[23.606,51.517],[23.626,51.541],[23.594,51.605],[23.629,51.629],[23.75,51.644],[23.885,51.62],[23.941,51.582],[23.981,51.586],[24.131,51.67],[24.244,51.718],[24.296,51.808],[24.391,51.88],[24.64,51.892],[24.722,51.882],[25.003,51.91],[25.093,51.94],[25.183,51.95],[25.352,51.921],[25.683,51.918],[25.768,51.929],[25.981,51.903],[26.081,51.901],[26.175,51.857],[26.408,51.851],[26.446,51.806],[26.666,51.801],[26.855,51.749],[26.921,51.743],[27.022,51.765],[27.178,51.747],[27.204,51.655],[27.277,51.651],[27.254,51.595],[27.388,51.591],[27.512,51.623],[27.509,51.706],[27.555,51.75],[27.545,51.817],[27.503,51.844],[27.532,51.901],[27.526,51.943],[27.585,51.99],[27.59,52.026],[27.527,52.073],[27.523,52.237],[27.396,52.282],[27.37,52.314],[27.286,52.329],[27.271,52.361]]]},"properties":{"id":"BY-BR","unit":"BY","name":"Brest Oblast","level":"region"}},{"type":"Feature","geometry":{"type":"Polygon","coordinates":[[[27.761,53.804],[27.831,53.834],[27.788,53.874],[27.781,53.932],[27.838,53.982],[27.808,54.022],[27.688,53.989],[27.503,54.017],[27.408,53.997],[27.371,53.894],[27.383,53.837],[27.516,53.809],[27.688,53.812],[27.761,53.804]]]},"properties":{"id":"BY-HM","unit":"BY","name":"Minsk (city)","level":"region"}},{"type":"Feature","geometry":{"type":"Polygon","coordinates":[[[27.512,51.623],[27.705,51.568],[27.664,51.493],[27.73,51.465],[27.787,51.511],[27.813,51.602],[27.854,51.615],[27.936,51.567],[28.071,51.558],[28.114,51.576],[28.166,51.633],[28.21,51.652],[28.311,51.574],[28.347,51.525],[28.435,51.566],[28.488,51.572],[28.604,51.554],[28.631,51.464],[28.704,51.443],[28.8,51.533],[28.864,51.559],[28.955,51.563],[29.044,51.626],[29.124,51.625],[29.16,51.603],[29.227,51.519],[29.221,51.467],[29.265,51.433],[29.297,51.374],[29.403,51.396],[29.466,51.385],[29.505,51.437],[29.568,51.45],[29.618,51.486],[29.7,51.484],[29.738,51.439],[29.829,51.43],[29.886,51.465],[29.925,51.458],[30.009,51.482],[30.149,51.484],[30.205,51.466],[30.329,51.389],[30.32,51.342],[30.355,51.305],[30.428,51.292],[30.465,51.262],[30.555,51.243],[30.58,51.304],[30.638,51.336],[30.623,51.412],[30.588,51.427],[30.584,51.542],[30.534,51.553],[30.57,51.7],[30.614,51.703],[30.671,51.791],[30.662,51.819],[30.803,51.939],[30.858,51.958],[30.941,52.02],[30.959,52.075],[31.135,52.077],[31.205,52.044],[31.252,52.044],[31.304,52.097],[31.383,52.117],[31.475,52.118],[31.65,52.097],[31.764,52.101],[31.763,52.15],[31.699,52.185],[31.683,52.257],[31.631,52.265],[31.567,52.311],[31.608,52.372],[31.583,52.403],[31.588,52.483],[31.553,52.502],[31.579,52.578],[31.481,52.683],[31.57,52.725],[31.561,52.787],[31.505,52.849],[31.388,52.888],[31.323,52.977],[31.247,53.014],[31.362,53.12],[31.214,53.106],[31.152,53.136],[31.109,53.13],[31.102,53.202],[31.03,53.237],[30.991,53.304],[30.907,53.309],[30.873,53.281],[30.64,53.279],[30.596,53.3],[30.488,53.318],[30.412,53.311],[30.379,53.262],[30.249,53.235],[30.173,53.239],[30.146,53.286],[29.982,53.343],[29.911,53.323],[29.818,53.352],[29.751,53.299],[29.79,53.224],[29.762,53.171],[29.663,53.13],[29.632,53.102],[29.662,53.053],[29.635,53.023],[29.736,52.98],[29.691,52.942],[29.544,52.956],[29.459,52.923],[29.392,52.921],[29.245,52.95],[29.17,52.942],[29.083,52.876],[28.969,52.866],[28.96,52.798],[28.819,52.771],[28.83,52.722],[28.749,52.699],[28.581,52.679],[28.469,52.68],[28.406,52.632],[28.404,52.515],[28.341,52.481],[28.134,52.466],[28.073,52.507],[27.988,52.519],[27.969,52.459],[27.929,52.441],[27.706,52.438],[27.642,52.456],[27.519,52.537],[27.451,52.502],[27.396,52.51],[27.344,52.478],[27.335,52.416],[27.271,52.361],[27.286,52.329],[27.37,52.314],[27.396,52.282],[27.523,52.237],[27.527,52.073],[27.59,52.026],[27.585,51.99],[27.526,51.943],[27.532,51.901],[27.503,51.844],[27.545,51.817],[27.555,51.75],[27.509,51.706],[27.512,51.623]]]},"properties":{"id":"BY-HO","unit":"BY","name":"Gomel Oblast","level":"region"}},{"type":"Feature","geometry":{"type":"Polygon","coordinates":[[[26.377,53.365],[26.559,53.401],[26.548,53.482],[26.493,53.504],[26.514,53.553],[26.462,53.631],[26.357,53.656],[26.329,53.708],[26.253,53.734],[26.262,53.779],[26.303,53.803],[26.216,53.83],[26.218,53.866],[26.344,53.903],[26.419,53.952],[26.428,54.004],[26.368,54.005],[26.334,54.057],[26.203,54.035],[26.17,54.067],[26.179,54.129],[26.077,54.133],[26.113,54.199],[26.217,54.231],[26.406,54.241],[26.5,54.314],[26.614,54.484],[26.585,54.541],[26.645,54.539],[26.682,54.579],[26.67,54.634],[26.595,54.636],[26.545,54.701],[26.542,54.747],[26.425,54.826],[26.338,54.863],[26.317,54.924],[26.348,54.943],[26.278,54.929],[26.248,54.97],[26.17,54.993],[26.103,54.957],[25.981,54.943],[25.908,54.948],[25.783,54.87],[25.778,54.805],[25.724,54.78],[25.71,54.676],[25.74,54.569],[25.646,54.52],[25.62,54.488],[25.613,54.422],[25.53,54.346],[25.564,54.303],[25.696,54.321],[25.715,54.285],[25.787,54.232],[25.74,54.146],[25.632,54.128],[25.493,54.158],[25.554,54.231],[25.472,54.297],[25.37,54.248],[25.194,54.244],[25.157,54.176],[25.072,54.132],[24.851,54.145],[24.782,54.093],[24.821,54.02],[24.789,53.97],[24.724,53.963],[24.678,53.992],[24.529,53.958],[24.378,53.887],[24.257,53.894],[24.201,53.952],[24.137,53.955],[24.045,53.931],[23.92,53.948],[23.828,53.92],[23.787,53.928],[23.643,53.899],[23.486,53.939],[23.53,53.784],[23.565,53.742],[23.591,53.611],[23.676,53.456],[23.743,53.365],[23.783,53.271],[23.848,53.184],[23.894,53.152],[23.861,53.087],[23.91,53.013],[23.92,52.773],[24.071,52.768],[24.144,52.798],[24.198,52.776],[24.388,52.775],[24.469,52.741],[24.553,52.748],[24.541,52.795],[24.587,52.844],[24.571,52.865],[24.652,52.908],[24.614,52.939],[24.686,52.96],[24.801,52.933],[24.877,52.965],[24.929,52.96],[24.956,52.904],[25.051,52.876],[25.053,52.841],[25.192,52.848],[25.259,52.865],[25.323,52.841],[25.327,52.937],[25.405,52.942],[25.463,53],[25.525,53.025],[25.599,53.127],[25.55,53.184],[25.601,53.212],[25.569,53.244],[25.636,53.287],[25.648,53.332],[25.72,53.395],[25.873,53.389],[25.898,53.376],[26.082,53.374],[26.273,53.351],[26.377,53.365]]]},"properties":{"id":"BY-HR","unit":"BY","name":"Hrodna Oblast","level":"region"}},{"type":"Feature","geometry":{"type":"Polygon","coordinates":[[[31.362,53.12],[31.379,53.182],[31.416,53.2],[31.536,53.195],[31.614,53.21],[31.739,53.193],[31.78,53.128],[31.907,53.092],[32.01,53.1],[32.083,53.082],[32.206,53.1],[32.353,53.18],[32.406,53.193],[32.479,53.275],[32.569,53.299],[32.58,53.324],[32.717,53.335],[32.718,53.431],[32.65,53.488],[32.577,53.486],[32.554,53.511],[32.453,53.546],[32.411,53.582],[32.399,53.635],[32.481,53.662],[32.462,53.707],[32.372,53.714],[32.29,53.761],[32.165,53.782],[32.084,53.81],[31.873,53.777],[31.787,53.794],[31.754,53.82],[31.81,53.883],[31.847,53.992],[31.824,54.045],[31.771,54.049],[31.748,54.086],[31.506,54.144],[31.325,54.229],[31.285,54.347],[31.209,54.448],[31.179,54.453],[31.05,54.43],[30.926,54.435],[30.871,54.403],[30.708,54.422],[30.589,54.379],[30.612,54.355],[30.576,54.309],[30.509,54.289],[30.425,54.34],[30.34,54.304],[30.284,54.344],[30.108,54.359],[30.031,54.332],[30.034,54.274],[29.826,54.315],[29.655,54.301],[29.597,54.316],[29.489,54.28],[29.415,54.231],[29.463,54.186],[29.428,54.166],[29.421,54.059],[29.351,54.015],[29.354,53.891],[29.41,53.808],[29.482,53.796],[29.433,53.733],[29.377,53.705],[29.21,53.654],[29.123,53.671],[29.065,53.642],[29.046,53.584],[28.956,53.58],[28.955,53.521],[28.894,53.525],[28.816,53.596],[28.773,53.587],[28.631,53.615],[28.564,53.527],[28.459,53.512],[28.402,53.468],[28.403,53.399],[28.367,53.366],[28.427,53.333],[28.438,53.29],[28.359,53.268],[28.216,53.267],[28.158,53.301],[28.092,53.289],[28.118,53.238],[28.222,53.196],[28.314,53.175],[28.381,53.197],[28.421,53.138],[28.509,53.154],[28.534,53.088],[28.533,53.015],[28.491,53.012],[28.455,52.966],[28.493,52.938],[28.409,52.838],[28.292,52.766],[28.469,52.68],[28.581,52.679],[28.749,52.699],[28.83,52.722],[28.819,52.771],[28.96,52.798],[28.969,52.866],[29.083,52.876],[29.17,52.942],[29.245,52.95],[29.392,52.921],[29.459,52.923],[29.544,52.956],[29.691,52.942],[29.736,52.98],[29.635,53.023],[29.662,53.053],[29.632,53.102],[29.663,53.13],[29.762,53.171],[29.79,53.224],[29.751,53.299],[29.818,53.352],[29.911,53.323],[29.982,53.343],[30.146,53.286],[30.173,53.239],[30.249,53.235],[30.379,53.262],[30.412,53.311],[30.488,53.318],[30.596,53.3],[30.64,53.279],[30.873,53.281],[30.907,53.309],[30.991,53.304],[31.03,53.237],[31.102,53.202],[31.109,53.13],[31.152,53.136],[31.214,53.106],[31.362,53.12]]]},"properties":{"id":"BY-MA","unit":"BY","name":"Mogilev Oblast","level":"region"}},{"type":"Feature","geometry":{"type":"Polygon","coordinates":[[[28.469,52.68],[28.292,52.766],[28.409,52.838],[28.493,52.938],[28.455,52.966],[28.491,53.012],[28.533,53.015],[28.534,53.088],[28.509,53.154],[28.421,53.138],[28.381,53.197],[28.314,53.175],[28.222,53.196],[28.118,53.238],[28.092,53.289],[28.158,53.301],[28.216,53.267],[28.359,53.268],[28.438,53.29],[28.427,53.333],[28.367,53.366],[28.403,53.399],[28.402,53.468],[28.459,53.512],[28.564,53.527],[28.631,53.615],[28.773,53.587],[28.816,53.596],[28.894,53.525],[28.955,53.521],[28.956,53.58],[29.046,53.584],[29.065,53.642],[29.123,53.671],[29.21,53.654],[29.377,53.705],[29.433,53.733],[29.482,53.796],[29.41,53.808],[29.354,53.891],[29.351,54.015],[29.421,54.059],[29.428,54.166],[29.463,54.186],[29.415,54.231],[29.355,54.244],[29.408,54.314],[29.367,54.345],[29.412,54.403],[29.439,54.547],[29.488,54.575],[29.355,54.593],[29.309,54.575],[29.227,54.583],[29.219,54.631],[29.094,54.639],[29.014,54.61],[28.885,54.624],[28.824,54.577],[28.724,54.57],[28.665,54.582],[28.665,54.631],[28.566,54.661],[28.475,54.639],[28.425,54.555],[28.348,54.566],[28.227,54.65],[28.086,54.626],[28.034,54.634],[27.925,54.615],[27.756,54.639],[27.677,54.706],[27.692,54.736],[27.624,54.766],[27.527,54.775],[27.52,54.812],[27.414,54.871],[27.316,54.877],[27.252,54.948],[27.281,54.977],[27.106,55.002],[27.059,54.951],[26.944,54.95],[26.897,54.975],[26.795,54.966],[26.73,54.944],[26.68,54.97],[26.586,54.953],[26.37,54.98],[26.348,54.943],[26.317,54.924],[26.338,54.863],[26.425,54.826],[26.542,54.747],[26.545,54.701],[26.595,54.636],[26.67,54.634],[26.682,54.579],[26.645,54.539],[26.585,54.541],[26.614,54.484],[26.5,54.314],[26.406,54.241],[26.217,54.231],[26.113,54.199],[26.077,54.133],[26.179,54.129],[26.17,54.067],[26.203,54.035],[26.334,54.057],[26.368,54.005],[26.428,54.004],[26.419,53.952],[26.344,53.903],[26.218,53.866],[26.216,53.83],[26.303,53.803],[26.262,53.779],[26.253,53.734],[26.329,53.708],[26.357,53.656],[26.462,53.631],[26.514,53.553],[26.493,53.504],[26.548,53.482],[26.559,53.401],[26.377,53.365],[26.399,53.265],[26.294,53.225],[26.274,53.177],[26.329,53.17],[26.382,53.118],[26.463,53.113],[26.515,53.064],[26.425,53.044],[26.383,52.968],[26.442,52.889],[26.407,52.865],[26.44,52.829],[26.531,52.85],[26.578,52.886],[26.652,52.839],[26.739,52.83],[26.8,52.773],[26.956,52.74],[27.021,52.745],[27.054,52.681],[27.157,52.67],[27.176,52.609],[27.057,52.605],[27.04,52.575],[27.06,52.52],[27.143,52.473],[27.128,52.416],[27.271,52.361],[27.335,52.416],[27.344,52.478],[27.396,52.51],[27.451,52.502],[27.519,52.537],[27.642,52.456],[27.706,52.438],[27.929,52.441],[27.969,52.459],[27.988,52.519],[28.073,52.507],[28.134,52.466],[28.341,52.481],[28.404,52.515],[28.406,52.632],[28.469,52.68]],[[27.761,53.804],[27.688,53.812],[27.516,53.809],[27.383,53.837],[27.371,53.894],[27.408,53.997],[27.503,54.017],[27.688,53.989],[27.808,54.022],[27.838,53.982],[27.781,53.932],[27.788,53.874],[27.831,53.834],[27.761,53.804]]]},"properties":{"id":"BY-MI","unit":"BY","name":"Minsk Oblast","level":"region"}},{"type":"Feature","geometry":{"type":"Polygon","coordinates":[[[26.595,55.667],[26.596,55.568],[26.532,55.516],[26.543,55.46],[26.508,55.439],[26.445,55.338],[26.542,55.308],[26.603,55.317],[26.769,55.3],[26.801,55.273],[26.74,55.243],[26.634,55.192],[26.616,55.135],[26.579,55.119],[26.473,55.146],[26.42,55.128],[26.309,55.145],[26.233,55.112],[26.225,55.055],[26.17,54.993],[26.248,54.97],[26.278,54.929],[26.348,54.943],[26.37,54.98],[26.586,54.953],[26.68,54.97],[26.73,54.944],[26.795,54.966],[26.897,54.975],[26.944,54.95],[27.059,54.951],[27.106,55.002],[27.281,54.977],[27.252,54.948],[27.316,54.877],[27.414,54.871],[27.52,54.812],[27.527,54.775],[27.624,54.766],[27.692,54.736],[27.677,54.706],[27.756,54.639],[27.925,54.615],[28.034,54.634],[28.086,54.626],[28.227,54.65],[28.348,54.566],[28.425,54.555],[28.475,54.639],[28.566,54.661],[28.665,54.631],[28.665,54.582],[28.724,54.57],[28.824,54.577],[28.885,54.624],[29.014,54.61],[29.094,54.639],[29.219,54.631],[29.227,54.583],[29.309,54.575],[29.355,54.593],[29.488,54.575],[29.439,54.547],[29.412,54.403],[29.367,54.345],[29.408,54.314],[29.355,54.244],[29.415,54.231],[29.489,54.28],[29.597,54.316],[29.655,54.301],[29.826,54.315],[30.034,54.274],[30.031,54.332],[30.108,54.359],[30.284,54.344],[30.34,54.304],[30.425,54.34],[30.509,54.289],[30.576,54.309],[30.612,54.355],[30.589,54.379],[30.708,54.422],[30.871,54.403],[30.926,54.435],[31.05,54.43],[31.179,54.453],[31.065,54.492],[31.168,54.622],[31.105,54.668],[30.999,54.671],[30.981,54.706],[30.771,54.786],[30.768,54.83],[30.826,54.877],[30.815,54.928],[30.899,54.946],[30.936,54.973],[30.907,55.013],[31.006,55.042],[30.97,55.101],[30.96,55.163],[30.887,55.205],[30.857,55.253],[30.794,55.286],[30.846,55.351],[30.919,55.408],[30.887,55.468],[30.92,55.534],[30.907,55.578],[30.848,55.611],[30.742,55.594],[30.694,55.652],[30.596,55.665],[30.57,55.73],[30.481,55.754],[30.469,55.794],[30.271,55.831],[30.218,55.855],[30.106,55.822],[29.988,55.847],[29.869,55.831],[29.806,55.771],[29.684,55.771],[29.585,55.738],[29.508,55.685],[29.461,55.687],[29.363,55.751],[29.344,55.787],[29.392,55.888],[29.441,55.915],[29.377,55.954],[29.224,55.978],[29.145,56.012],[29.031,56.024],[28.86,55.976],[28.809,55.935],[28.706,55.96],[28.681,56.027],[28.621,56.083],[28.538,56.098],[28.39,56.089],[28.29,56.047],[28.149,56.142],[28.051,56.141],[27.911,56.1],[27.881,56.064],[27.781,56.016],[27.76,55.975],[27.645,55.923],[27.593,55.794],[27.439,55.799],[27.35,55.831],[27.282,55.792],[27.111,55.836],[26.979,55.826],[26.9,55.779],[26.823,55.706],[26.743,55.683],[26.667,55.694],[26.595,55.667]]]},"properties":{"id":"BY-VI","unit":"BY","name":"Vitebsk Oblast","level":"region"}},{"type":"Feature","geometry":{"type":"Polygon","coordinates":[[[24.105,58.985],[24.168,59.023],[24.29,59.015],[24.374,59.086],[24.556,59.096],[24.555,59.135],[24.597,59.187],[24.664,59.217],[24.776,59.209],[24.904,59.226],[24.905,59.184],[24.957,59.147],[25.184,59.081],[25.216,59.029],[25.32,58.992],[25.397,59.016],[25.411,59.075],[25.49,59.086],[25.459,59.132],[25.517,59.212],[25.489,59.264],[25.666,59.273],[25.799,59.292],[25.926,59.276],[25.945,59.299],[25.889,59.432],[25.848,59.456],[25.815,59.521],[25.837,59.576],[25.781,59.636],[25.685,59.629],[25.719,59.588],[25.677,59.566],[25.479,59.652],[25.497,59.571],[25.408,59.491],[25.194,59.523],[25.146,59.539],[25.077,59.501],[25.012,59.518],[24.909,59.512],[24.803,59.571],[24.773,59.56],[24.816,59.489],[24.744,59.447],[24.698,59.491],[24.625,59.439],[24.548,59.463],[24.498,59.444],[24.4,59.479],[24.334,59.471],[24.306,59.419],[24.081,59.395],[24.028,59.358],[24.092,59.313],[23.936,59.281],[23.757,59.284],[23.718,59.231],[23.796,59.176],[23.908,59.131],[24.022,59.137],[24.115,59.107],[24.148,59.061],[24.105,58.985]]]},"properties":{"id":"EE-37","unit":"EE","name":"Harju County","level":"region"}},{"type":"Feature","geometry":{"type":"Polygon","coordinates":[[[22.292,58.895],[22.382,58.882],[22.44,58.841],[22.443,58.803],[22.556,58.687],[22.655,58.703],[22.737,58.806],[22.79,58.781],[22.887,58.79],[22.88,58.833],[22.957,58.847],[23.041,58.841],[23.015,58.892],[22.959,58.927],[22.934,58.984],[22.837,59.009],[22.737,59.005],[22.692,59.041],[22.714,59.07],[22.598,59.09],[22.544,59.03],[22.488,59.016],[22.463,58.971],[22.168,58.95],[22.063,58.926],[22.195,58.888],[22.292,58.895]]]},"properties":{"id":"EE-39","unit":"EE","name":"Hiiu County","level":"region"}},{"type":"Feature","geometry":{"type":"Polygon","coordinates":[[[27.696,58.977],[27.784,59.077],[27.842,59.161],[27.904,59.29],[27.96,59.306],[28.077,59.305],[28.114,59.345],[28.186,59.375],[28.105,59.439],[28.019,59.482],[27.953,59.428],[27.873,59.408],[27.717,59.427],[27.563,59.432],[27.409,59.452],[27.116,59.442],[26.938,59.45],[26.781,59.503],[26.766,59.48],[26.794,59.405],[26.74,59.399],[26.726,59.35],[26.799,59.34],[26.748,59.284],[26.775,59.243],[26.939,59.195],[26.929,59.143],[26.809,59.117],[26.811,59.02],[26.77,58.977],[26.703,58.956],[26.746,58.887],[26.847,58.893],[26.959,58.865],[27.446,58.819],[27.478,58.875],[27.696,58.977]]]},"properties":{"id":"EE-44","unit":"EE","name":"Ida-Viru County","level":"region"}},{"type":"Feature","geometry":{"type":"Polygon","coordinates":[[[26.132,58.485],[26.235,58.498],[26.323,58.532],[26.456,58.529],[26.508,58.541],[26.617,58.522],[26.664,58.562],[26.721,58.55],[26.812,58.561],[26.862,58.633],[27.014,58.602],[27.014,58.647],[27.091,58.676],[27.429,58.709],[27.411,58.755],[27.446,58.819],[26.959,58.865],[26.847,58.893],[26.746,58.887],[26.703,58.956],[26.574,58.933],[26.505,58.939],[26.41,58.886],[26.295,58.916],[26.154,58.887],[26.114,58.835],[25.965,58.811],[25.956,58.773],[25.828,58.742],[25.777,58.69],[25.794,58.644],[25.76,58.604],[25.917,58.597],[26.013,58.557],[26.132,58.485]]]},"properties":{"id":"EE-49","unit":"EE","name":"Jõgeva County","level":"region"}},{"type":"Feature","geometry":{"type":"Polygon","coordinates":[[[25.777,58.69],[25.828,58.742],[25.956,58.773],[25.965,58.811],[26.114,58.835],[26.154,58.887],[26.166,58.928],[26.135,58.981],[26.041,59.045],[25.928,59.065],[25.939,59.102],[26.011,59.156],[25.957,59.196],[25.926,59.276],[25.799,59.292],[25.666,59.273],[25.489,59.264],[25.517,59.212],[25.459,59.132],[25.49,59.086],[25.411,59.075],[25.397,59.016],[25.32,58.992],[25.301,58.925],[25.238,58.879],[25.277,58.854],[25.204,58.802],[25.2,58.726],[25.283,58.714],[25.259,58.633],[25.438,58.614],[25.777,58.69]]]},"properties":{"id":"EE-51","unit":"EE","name":"Järva County","level":"region"}},{"type":"Feature","geometry":{"type":"MultiPolygon","coordinates":[[[[24.133,58.701],[24.152,58.728],[24.075,58.761],[24.161,58.794],[24.187,58.845],[24.089,58.95],[24.105,58.985],[24.148,59.061],[24.115,59.107],[24.022,59.137],[23.908,59.131],[23.796,59.176],[23.718,59.231],[23.642,59.257],[23.57,59.224],[23.471,59.212],[23.519,59.125],[23.435,59.056],[23.435,59.004],[23.625,58.973],[23.422,58.909],[23.526,58.82],[23.58,58.792],[23.784,58.801],[23.783,58.756],[23.697,58.751],[23.53,58.723],[23.493,58.673],[23.518,58.604],[23.586,58.544],[23.651,58.556],[23.825,58.559],[23.864,58.617],[23.933,58.631],[23.965,58.673],[24.022,58.671],[24.133,58.701]]],[[[23.364,59.029],[23.208,59.044],[23.114,59.022],[23.148,58.974],[23.279,58.971],[23.394,58.996],[23.364,59.029]]]]},"properties":{"id":"EE-57","unit":"EE","name":"Lääne County","level":"region"}},{"type":"Feature","geometry":{"type":"Polygon","coordinates":[[[26.781,59.503],[26.665,59.552],[26.585,59.56],[26.458,59.546],[26.28,59.587],[26.091,59.586],[26.002,59.633],[25.945,59.595],[25.883,59.631],[25.837,59.576],[25.815,59.521],[25.848,59.456],[25.889,59.432],[25.945,59.299],[25.926,59.276],[25.957,59.196],[26.011,59.156],[25.939,59.102],[25.928,59.065],[26.041,59.045],[26.135,58.981],[26.166,58.928],[26.154,58.887],[26.295,58.916],[26.41,58.886],[26.505,58.939],[26.574,58.933],[26.703,58.956],[26.77,58.977],[26.811,59.02],[26.809,59.117],[26.929,59.143],[26.939,59.195],[26.775,59.243],[26.748,59.284],[26.799,59.34],[26.726,59.35],[26.74,59.399],[26.794,59.405],[26.766,59.48],[26.781,59.503]]]},"properties":{"id":"EE-59","unit":"EE","name":"Lääne-Viru County","level":"region"}},{"type":"Feature","geometry":{"type":"Polygon","coordinates":[[[26.54,57.956],[26.767,57.93],[26.928,57.94],[27.039,57.918],[27.095,57.957],[27.299,57.892],[27.249,57.853],[27.321,57.829],[27.394,57.844],[27.556,57.813],[27.701,57.825],[27.799,57.861],[27.774,57.891],[27.673,57.913],[27.669,57.992],[27.632,58.004],[27.63,58.088],[27.52,58.195],[27.479,58.192],[27.266,58.223],[27.244,58.252],[27.022,58.259],[26.864,58.237],[26.812,58.189],[26.687,58.187],[26.595,58.123],[26.554,58.076],[26.54,57.956]]]},"properties":{"id":"EE-65","unit":"EE","name":"Põlva County","level":"region"}},{"type":"Feature","geometry":{"type":"Polygon","coordinates":[[[25.259,58.633],[25.283,58.714],[25.2,58.726],[25.063,58.728],[24.916,58.672],[24.898,58.736],[24.691,58.751],[24.578,58.712],[24.525,58.736],[24.415,58.677],[24.364,58.67],[24.162,58.689],[24.133,58.701],[24.022,58.671],[23.965,58.673],[23.933,58.631],[23.864,58.617],[23.825,58.559],[23.651,58.556],[23.586,58.544],[23.664,58.536],[23.677,58.435],[23.741,58.343],[23.855,58.34],[23.98,58.318],[24.112,58.241],[24.156,58.277],[24.211,58.271],[24.287,58.319],[24.296,58.355],[24.362,58.397],[24.444,58.386],[24.529,58.351],[24.549,58.289],[24.471,58.251],[24.464,58.072],[24.398,58.023],[24.306,57.868],[24.402,57.866],[24.429,57.9],[24.534,57.945],[24.582,57.946],[24.685,57.948],[24.734,57.992],[24.827,57.982],[24.949,58.006],[25.035,58.049],[25.01,58.085],[25.152,58.202],[25.234,58.205],[25.233,58.28],[25.121,58.323],[24.955,58.336],[24.988,58.486],[25.032,58.516],[25.232,58.588],[25.259,58.633]]]},"properties":{"id":"EE-67","unit":"EE","name":"Pärnu County","level":"region"}},{"type":"Feature","geometry":{"type":"Polygon","coordinates":[[[25.2,58.726],[25.204,58.802],[25.277,58.854],[25.238,58.879],[25.301,58.925],[25.32,58.992],[25.216,59.029],[25.184,59.081],[24.957,59.147],[24.905,59.184],[24.904,59.226],[24.776,59.209],[24.664,59.217],[24.597,59.187],[24.555,59.135],[24.556,59.096],[24.374,59.086],[24.29,59.015],[24.168,59.023],[24.105,58.985],[24.089,58.95],[24.187,58.845],[24.161,58.794],[24.075,58.761],[24.152,58.728],[24.133,58.701],[24.162,58.689],[24.364,58.67],[24.415,58.677],[24.525,58.736],[24.578,58.712],[24.691,58.751],[24.898,58.736],[24.916,58.672],[25.063,58.728],[25.2,58.726]]]},"properties":{"id":"EE-70","unit":"EE","name":"Rapla County","level":"region"}},{"type":"Feature","geometry":{"type":"MultiPolygon","coordinates":[[[[23.231,58.505],[23.148,58.522],[23.091,58.571],[22.9,58.62],[22.811,58.623],[22.736,58.588],[22.641,58.589],[22.583,58.635],[22.463,58.593],[22.322,58.585],[22.114,58.498],[22.064,58.457],[21.996,58.513],[21.928,58.518],[21.901,58.468],[21.99,58.387],[21.945,58.319],[21.868,58.265],[22.017,58.234],[22.072,58.176],[22.203,58.148],[22.136,58.077],[22.086,58.083],[22.005,57.991],[21.963,57.984],[22.017,57.914],[22.048,57.915],[22.19,57.984],[22.2,58.026],[22.257,58.093],[22.272,58.174],[22.323,58.207],[22.535,58.254],[22.757,58.242],[22.903,58.312],[22.969,58.36],[23.087,58.395],[23.157,58.478],[23.235,58.44],[23.333,58.456],[23.231,58.505]]],[[[23.382,58.58],[23.349,58.635],[23.288,58.666],[23.155,58.676],[23.121,58.628],[23.059,58.603],[23.224,58.535],[23.362,58.532],[23.382,58.58]]]]},"properties":{"id":"EE-74","unit":"EE","name":"Saare County","level":"region"}},{"type":"Feature","geometry":{"type":"Polygon","coordinates":[[[26.071,58.128],[26.239,58.121],[26.379,58.175],[26.419,58.149],[26.519,58.168],[26.595,58.123],[26.687,58.187],[26.812,58.189],[26.864,58.237],[27.022,58.259],[27.244,58.252],[27.266,58.223],[27.479,58.192],[27.52,58.195],[27.483,58.269],[27.494,58.32],[27.555,58.395],[27.429,58.709],[27.091,58.676],[27.014,58.647],[27.014,58.602],[26.862,58.633],[26.812,58.561],[26.721,58.55],[26.664,58.562],[26.617,58.522],[26.508,58.541],[26.456,58.529],[26.323,58.532],[26.235,58.498],[26.132,58.485],[26.165,58.413],[26.039,58.3],[26.071,58.128]]]},"properties":{"id":"EE-78","unit":"EE","name":"Tartu County","level":"region"}},{"type":"Feature","geometry":{"type":"Polygon","coordinates":[[[25.552,57.95],[25.602,57.912],[25.704,57.921],[25.793,57.856],[26.003,57.846],[26.025,57.774],[26.169,57.704],[26.263,57.621],[26.351,57.58],[26.431,57.562],[26.425,57.613],[26.462,57.641],[26.465,57.694],[26.428,57.75],[26.447,57.792],[26.393,57.809],[26.403,57.864],[26.365,57.879],[26.392,57.94],[26.54,57.956],[26.554,58.076],[26.595,58.123],[26.519,58.168],[26.419,58.149],[26.379,58.175],[26.239,58.121],[26.071,58.128],[25.93,58.109],[25.853,58.151],[25.815,58.099],[25.678,58.044],[25.621,58.042],[25.552,57.95]]]},"properties":{"id":"EE-82","unit":"EE","name":"Valga County","level":"region"}},{"type":"Feature","geometry":{"type":"Polygon","coordinates":[[[25.094,58.067],[25.167,58.059],[25.202,57.992],[25.284,58.008],[25.318,58.041],[25.42,58.008],[25.552,57.95],[25.621,58.042],[25.678,58.044],[25.815,58.099],[25.853,58.151],[25.93,58.109],[26.071,58.128],[26.039,58.3],[26.165,58.413],[26.132,58.485],[26.013,58.557],[25.917,58.597],[25.76,58.604],[25.794,58.644],[25.777,58.69],[25.438,58.614],[25.259,58.633],[25.232,58.588],[25.032,58.516],[24.988,58.486],[24.955,58.336],[25.121,58.323],[25.233,58.28],[25.234,58.205],[25.152,58.202],[25.01,58.085],[25.035,58.049],[25.094,58.067]]]},"properties":{"id":"EE-84","unit":"EE","name":"Viljandi County","level":"region"}},{"type":"Feature","geometry":{"type":"Polygon","coordinates":[[[26.431,57.562],[26.5,57.516],[26.7,57.571],[26.796,57.571],[26.839,57.61],[26.947,57.615],[27.062,57.556],[27.166,57.547],[27.32,57.516],[27.353,57.528],[27.328,57.583],[27.375,57.598],[27.377,57.657],[27.408,57.689],[27.508,57.715],[27.502,57.773],[27.556,57.813],[27.394,57.844],[27.321,57.829],[27.249,57.853],[27.299,57.892],[27.095,57.957],[27.039,57.918],[26.928,57.94],[26.767,57.93],[26.54,57.956],[26.392,57.94],[26.365,57.879],[26.403,57.864],[26.393,57.809],[26.447,57.792],[26.428,57.75],[26.465,57.694],[26.462,57.641],[26.425,57.613],[26.431,57.562]]]},"properties":{"id":"EE-86","unit":"EE","name":"Võru County","level":"region"}},{"type":"Feature","geometry":{"type":"Polygon","coordinates":[[[23.481,59.071],[23.495,59.196],[24.084,59.292],[24.38,59.473],[25.444,59.521],[25.509,59.639],[26.625,59.554],[26.975,59.451],[27.892,59.414],[28.454,59.814],[28.947,59.829],[29.147,60],[30.122,59.874],[29.721,60.195],[29.069,60.192],[28.643,60.375],[28.651,60.611],[27.462,60.465],[27.242,60.539],[26.535,60.413],[25.656,60.333],[24.343,60.042],[23.463,59.986],[22.94,59.809],[23.481,59.071]]]},"properties":{"id":"GULF-OF-FINLAND","unit":"GULF-OF-FINLAND","name":"Gulf of Finland","level":"region"}},{"type":"Feature","geometry":{"type":"Polygon","coordinates":[[[24.413,54.544],[24.324,54.537],[24.261,54.559],[23.987,54.535],[23.998,54.5],[23.905,54.471],[23.756,54.47],[23.641,54.508],[23.542,54.456],[23.541,54.418],[23.465,54.401],[23.347,54.304],[23.336,54.226],[23.433,54.169],[23.474,54.113],[23.496,54.022],[23.459,53.992],[23.486,53.939],[23.643,53.899],[23.787,53.928],[23.828,53.92],[23.92,53.948],[24.045,53.931],[24.137,53.955],[24.201,53.952],[24.257,53.894],[24.378,53.887],[24.529,53.958],[24.678,53.992],[24.724,53.963],[24.789,53.97],[24.821,54.02],[24.782,54.093],[24.851,54.145],[24.77,54.225],[24.914,54.315],[24.931,54.375],[24.994,54.395],[24.996,54.451],[24.864,54.431],[24.817,54.411],[24.726,54.406],[24.713,54.439],[24.642,54.45],[24.538,54.426],[24.43,54.44],[24.413,54.544]]]},"properties":{"id":"LT-AL","unit":"LT","name":"Alytus County","level":"region"}},{"type":"Feature","geometry":{"type":"MultiPolygon","coordinates":[[[[21.965,56.384],[21.737,56.324],[21.596,56.308],[21.485,56.266],[21.419,56.237],[21.328,56.224],[21.23,56.163],[21.19,56.084],[21.053,56.073],[21.058,55.952],[21.045,55.874],[21.074,55.745],[21.141,55.688],[21.223,55.52],[21.247,55.37],[21.289,55.305],[21.268,55.249],[21.35,55.288],[21.406,55.272],[21.504,55.194],[21.605,55.192],[21.751,55.128],[21.82,55.119],[21.951,55.08],[22.015,55.088],[22.028,55.044],[22.1,55.03],[22.143,55.055],[22.27,55.07],[22.299,55.135],[22.084,55.185],[22.042,55.239],[21.915,55.266],[21.91,55.29],[22.023,55.365],[22.037,55.412],[21.886,55.436],[21.814,55.565],[21.878,55.602],[21.795,55.653],[21.746,55.72],[21.745,55.76],[21.633,55.751],[21.6,55.815],[21.539,55.834],[21.618,55.879],[21.584,55.931],[21.583,55.99],[21.642,56.017],[21.684,56.076],[21.742,56.105],[21.899,56.133],[21.985,56.224],[21.903,56.345],[21.965,56.384]]],[[[20.989,55.273],[21.038,55.329],[21.087,55.441],[20.925,55.283],[20.989,55.273]]]]},"properties":{"id":"LT-KL","unit":"LT","name":"Klaipėda County","level":"region"}},{"type":"Feature","geometry":{"type":"Polygon","coordinates":[[[24.416,55.393],[24.35,55.442],[24.251,55.447],[24.21,55.472],[24.048,55.444],[24.051,55.483],[23.991,55.519],[23.919,55.526],[23.867,55.569],[23.685,55.512],[23.634,55.475],[23.581,55.483],[23.587,55.525],[23.53,55.547],[23.456,55.518],[23.325,55.567],[23.252,55.542],[23.216,55.576],[23.114,55.574],[23.021,55.516],[22.867,55.481],[22.809,55.508],[22.646,55.474],[22.803,55.384],[22.806,55.339],[22.868,55.293],[22.945,55.324],[23.013,55.294],[23.009,55.261],[23.155,55.278],[23.223,55.241],[23.326,55.245],[23.376,55.224],[23.477,55.215],[23.456,55.146],[23.412,55.079],[23.484,55.051],[23.551,55.05],[23.502,54.986],[23.403,54.958],[23.624,54.875],[23.666,54.738],[23.677,54.613],[23.665,54.576],[23.76,54.537],[23.756,54.47],[23.905,54.471],[23.998,54.5],[23.987,54.535],[24.261,54.559],[24.324,54.537],[24.413,54.544],[24.442,54.601],[24.494,54.634],[24.482,54.701],[24.559,54.73],[24.625,54.731],[24.656,54.817],[24.74,54.849],[24.8,54.89],[24.737,54.926],[24.676,54.932],[24.549,54.988],[24.649,55.051],[24.595,55.117],[24.537,55.12],[24.481,55.181],[24.483,55.229],[24.423,55.252],[24.389,55.317],[24.416,55.393]]]},"properties":{"id":"LT-KU","unit":"LT","name":"Kaunas County","level":"region"}},{"type":"Feature","geometry":{"type":"Polygon","coordinates":[[[23.756,54.47],[23.76,54.537],[23.665,54.576],[23.677,54.613],[23.666,54.738],[23.624,54.875],[23.403,54.958],[23.502,54.986],[23.551,55.05],[23.484,55.051],[23.412,55.079],[23.32,55.071],[23.002,55.105],[22.925,55.084],[22.82,55.088],[22.644,55.057],[22.571,55.064],[22.633,54.958],[22.716,54.951],[22.749,54.91],[22.809,54.894],[22.848,54.814],[22.833,54.779],[22.725,54.723],[22.682,54.57],[22.68,54.453],[22.767,54.356],[22.811,54.393],[22.859,54.399],[22.973,54.375],[23.042,54.341],[23.05,54.295],[23.117,54.303],[23.235,54.254],[23.336,54.226],[23.347,54.304],[23.465,54.401],[23.541,54.418],[23.542,54.456],[23.641,54.508],[23.756,54.47]]]},"properties":{"id":"LT-MR","unit":"LT","name":"Marijampolė County","level":"region"}},{"type":"Feature","geometry":{"type":"Polygon","coordinates":[[[25.961,55.958],[25.871,55.992],[25.795,56.04],[25.709,56.081],[25.65,56.144],[25.523,56.157],[25.349,56.16],[25.109,56.183],[25.073,56.198],[24.962,56.319],[24.91,56.422],[24.871,56.443],[24.806,56.409],[24.679,56.377],[24.573,56.31],[24.447,56.261],[24.288,56.296],[24.14,56.258],[24.11,56.147],[24.012,55.985],[24.068,55.96],[24.051,55.894],[23.989,55.873],[23.95,55.814],[24.021,55.763],[24.027,55.715],[23.993,55.692],[23.999,55.637],[23.915,55.624],[23.867,55.569],[23.919,55.526],[23.991,55.519],[24.051,55.483],[24.048,55.444],[24.21,55.472],[24.251,55.447],[24.35,55.442],[24.416,55.393],[24.512,55.429],[24.554,55.487],[24.627,55.482],[24.631,55.523],[24.643,55.576],[24.683,55.607],[24.635,55.655],[24.718,55.672],[24.689,55.721],[24.831,55.714],[24.86,55.728],[25.018,55.735],[25.122,55.692],[25.237,55.717],[25.379,55.775],[25.422,55.739],[25.488,55.724],[25.558,55.744],[25.666,55.746],[25.756,55.781],[25.802,55.774],[25.877,55.87],[25.94,55.91],[25.961,55.958]]]},"properties":{"id":"LT-PN","unit":"LT","name":"Panevėžys County","level":"region"}},{"type":"Feature","geometry":{"type":"Polygon","coordinates":[[[24.14,56.258],[23.981,56.312],[23.871,56.332],[23.725,56.329],[23.707,56.354],[23.61,56.354],[23.518,56.329],[23.378,56.355],[23.288,56.373],[23.173,56.358],[23.113,56.311],[23.017,56.324],[22.957,56.402],[22.86,56.397],[22.681,56.35],[22.578,56.387],[22.554,56.327],[22.461,56.32],[22.449,56.267],[22.389,56.222],[22.375,56.164],[22.481,56.104],[22.677,56.131],[22.702,56.08],[22.6,56.044],[22.608,55.96],[22.698,55.949],[22.632,55.882],[22.577,55.866],[22.566,55.824],[22.505,55.805],[22.505,55.702],[22.457,55.678],[22.509,55.598],[22.637,55.523],[22.646,55.474],[22.809,55.508],[22.867,55.481],[23.021,55.516],[23.114,55.574],[23.216,55.576],[23.252,55.542],[23.325,55.567],[23.456,55.518],[23.53,55.547],[23.587,55.525],[23.581,55.483],[23.634,55.475],[23.685,55.512],[23.867,55.569],[23.915,55.624],[23.999,55.637],[23.993,55.692],[24.027,55.715],[24.021,55.763],[23.95,55.814],[23.989,55.873],[24.051,55.894],[24.068,55.96],[24.012,55.985],[24.11,56.147],[24.14,56.258]]]},"properties":{"id":"LT-SA","unit":"LT","name":"Šiauliai County","level":"region"}},{"type":"Feature","geometry":{"type":"Polygon","coordinates":[[[21.878,55.602],[21.814,55.565],[21.886,55.436],[22.037,55.412],[22.023,55.365],[21.91,55.29],[21.915,55.266],[22.042,55.239],[22.084,55.185],[22.299,55.135],[22.27,55.07],[22.436,55.058],[22.541,55.076],[22.571,55.064],[22.644,55.057],[22.82,55.088],[22.925,55.084],[23.002,55.105],[23.32,55.071],[23.412,55.079],[23.456,55.146],[23.477,55.215],[23.376,55.224],[23.326,55.245],[23.223,55.241],[23.155,55.278],[23.009,55.261],[23.013,55.294],[22.945,55.324],[22.868,55.293],[22.806,55.339],[22.803,55.384],[22.646,55.474],[22.637,55.523],[22.509,55.598],[22.457,55.678],[22.381,55.671],[22.279,55.687],[22.07,55.662],[22.028,55.61],[21.878,55.602]]]},"properties":{"id":"LT-TA","unit":"LT","name":"Tauragė County","level":"region"}},{"type":"Feature","geometry":{"type":"Polygon","coordinates":[[[22.578,56.387],[22.512,56.396],[22.215,56.39],[22.094,56.417],[21.983,56.388],[21.965,56.384],[21.903,56.345],[21.985,56.224],[21.899,56.133],[21.742,56.105],[21.684,56.076],[21.642,56.017],[21.583,55.99],[21.584,55.931],[21.618,55.879],[21.539,55.834],[21.6,55.815],[21.633,55.751],[21.745,55.76],[21.746,55.72],[21.795,55.653],[21.878,55.602],[22.028,55.61],[22.07,55.662],[22.279,55.687],[22.381,55.671],[22.457,55.678],[22.505,55.702],[22.505,55.805],[22.566,55.824],[22.577,55.866],[22.632,55.882],[22.698,55.949],[22.608,55.96],[22.6,56.044],[22.702,56.08],[22.677,56.131],[22.481,56.104],[22.375,56.164],[22.389,56.222],[22.449,56.267],[22.461,56.32],[22.554,56.327],[22.578,56.387]]]},"properties":{"id":"LT-TE","unit":"LT","name":"Telšiai County","level":"region"}},{"type":"Feature","geometry":{"type":"Polygon","coordinates":[[[26.595,55.667],[26.481,55.678],[26.28,55.743],[26.227,55.797],[26.179,55.85],[25.961,55.958],[25.94,55.91],[25.877,55.87],[25.802,55.774],[25.756,55.781],[25.666,55.746],[25.558,55.744],[25.488,55.724],[25.422,55.739],[25.379,55.775],[25.237,55.717],[25.122,55.692],[25.018,55.735],[24.86,55.728],[24.831,55.714],[24.689,55.721],[24.718,55.672],[24.635,55.655],[24.683,55.607],[24.643,55.576],[24.631,55.523],[24.769,55.463],[24.8,55.433],[24.785,55.383],[24.887,55.348],[25.056,55.305],[25.148,55.233],[25.239,55.201],[25.135,55.15],[25.126,55.103],[25.208,55.077],[25.222,55.042],[25.349,55.027],[25.617,55.071],[25.717,55.054],[25.781,55.131],[25.646,55.205],[25.65,55.248],[25.708,55.279],[25.734,55.327],[25.815,55.304],[25.989,55.281],[26.041,55.314],[26.103,55.315],[26.149,55.268],[26.321,55.229],[26.456,55.225],[26.568,55.244],[26.633,55.269],[26.716,55.269],[26.74,55.243],[26.801,55.273],[26.769,55.3],[26.603,55.317],[26.542,55.308],[26.445,55.338],[26.508,55.439],[26.543,55.46],[26.532,55.516],[26.596,55.568],[26.595,55.667]]]},"properties":{"id":"LT-UT","unit":"LT","name":"Utena County","level":"region"}},{"type":"Feature","geometry":{"type":"Polygon","coordinates":[[[26.74,55.243],[26.716,55.269],[26.633,55.269],[26.568,55.244],[26.456,55.225],[26.321,55.229],[26.149,55.268],[26.103,55.315],[26.041,55.314],[25.989,55.281],[25.815,55.304],[25.734,55.327],[25.708,55.279],[25.65,55.248],[25.646,55.205],[25.781,55.131],[25.717,55.054],[25.617,55.071],[25.349,55.027],[25.222,55.042],[25.208,55.077],[25.126,55.103],[25.135,55.15],[25.239,55.201],[25.148,55.233],[25.056,55.305],[24.887,55.348],[24.785,55.383],[24.8,55.433],[24.769,55.463],[24.631,55.523],[24.627,55.482],[24.554,55.487],[24.512,55.429],[24.416,55.393],[24.389,55.317],[24.423,55.252],[24.483,55.229],[24.481,55.181],[24.537,55.12],[24.595,55.117],[24.649,55.051],[24.549,54.988],[24.676,54.932],[24.737,54.926],[24.8,54.89],[24.74,54.849],[24.656,54.817],[24.625,54.731],[24.559,54.73],[24.482,54.701],[24.494,54.634],[24.442,54.601],[24.413,54.544],[24.43,54.44],[24.538,54.426],[24.642,54.45],[24.713,54.439],[24.726,54.406],[24.817,54.411],[24.864,54.431],[24.996,54.451],[24.994,54.395],[24.931,54.375],[24.914,54.315],[24.77,54.225],[24.851,54.145],[25.072,54.132],[25.157,54.176],[25.194,54.244],[25.37,54.248],[25.472,54.297],[25.554,54.231],[25.493,54.158],[25.632,54.128],[25.74,54.146],[25.787,54.232],[25.715,54.285],[25.696,54.321],[25.564,54.303],[25.53,54.346],[25.613,54.422],[25.62,54.488],[25.646,54.52],[25.74,54.569],[25.71,54.676],[25.724,54.78],[25.778,54.805],[25.783,54.87],[25.908,54.948],[25.981,54.943],[26.103,54.957],[26.17,54.993],[26.225,55.055],[26.233,55.112],[26.309,55.145],[26.42,55.128],[26.473,55.146],[26.579,55.119],[26.616,55.135],[26.634,55.192],[26.74,55.243]]]},"properties":{"id":"LT-VL","unit":"LT","name":"Vilnius County","level":"region"}},{"type":"Feature","geometry":{"type":"Polygon","coordinates":[[[22.578,56.387],[22.681,56.35],[22.86,56.397],[22.727,56.425],[22.741,56.475],[22.701,56.493],[22.712,56.565],[22.798,56.568],[22.781,56.606],[22.859,56.644],[22.826,56.698],[22.821,56.772],[22.789,56.804],[22.642,56.808],[22.634,56.824],[22.491,56.852],[22.529,56.909],[22.455,56.917],[22.472,56.982],[22.508,57.014],[22.636,57.016],[22.642,57.095],[22.761,57.112],[22.808,57.137],[22.931,57.145],[22.967,57.184],[23.08,57.238],[23.113,57.265],[23.16,57.319],[23.13,57.371],[23.031,57.394],[22.995,57.412],[22.879,57.481],[22.656,57.586],[22.587,57.665],[22.6,57.744],[22.484,57.742],[22.195,57.658],[21.956,57.593],[21.772,57.586],[21.699,57.555],[21.622,57.473],[21.512,57.379],[21.421,57.289],[21.401,57.151],[21.414,57.073],[21.382,57.009],[21.328,56.974],[21.223,56.908],[21.065,56.846],[21.046,56.656],[21.021,56.615],[21.003,56.53],[21.053,56.511],[21.063,56.494],[21.036,56.474],[21.005,56.446],[20.971,56.389],[20.971,56.26],[21.029,56.147],[21.053,56.073],[21.19,56.084],[21.23,56.163],[21.328,56.224],[21.419,56.237],[21.485,56.266],[21.596,56.308],[21.737,56.324],[21.965,56.384],[21.983,56.388],[22.094,56.417],[22.215,56.39],[22.512,56.396],[22.578,56.387]]]},"properties":{"id":"LV-KURZEME","unit":"LV","name":"Kurzeme","level":"region"}},{"type":"Feature","geometry":{"type":"Polygon","coordinates":[[[27.487,57.274],[27.406,57.263],[27.355,57.285],[27.276,57.247],[27.157,57.226],[27.008,57.115],[26.953,57.065],[26.861,57.018],[26.86,56.983],[26.917,56.969],[26.985,56.878],[26.953,56.847],[26.928,56.831],[26.783,56.707],[26.773,56.681],[26.789,56.607],[26.744,56.559],[26.628,56.544],[26.541,56.49],[26.458,56.489],[26.363,56.451],[26.309,56.516],[26.257,56.512],[26.153,56.429],[26.089,56.406],[26.157,56.38],[26.198,56.276],[26.194,56.226],[26.301,56.183],[26.345,56.093],[26.313,56.15],[26.206,56.164],[26.139,56.131],[26.059,56.068],[26.026,56.079],[25.954,56.063],[25.86,56.082],[25.795,56.04],[25.871,55.992],[25.961,55.958],[26.179,55.85],[26.227,55.797],[26.28,55.743],[26.481,55.678],[26.595,55.667],[26.667,55.694],[26.743,55.683],[26.823,55.706],[26.9,55.779],[26.979,55.826],[27.111,55.836],[27.282,55.792],[27.35,55.831],[27.439,55.799],[27.593,55.794],[27.645,55.923],[27.76,55.975],[27.781,56.016],[27.881,56.064],[27.911,56.1],[28.051,56.141],[28.149,56.142],[28.215,56.281],[28.174,56.35],[28.168,56.427],[28.093,56.502],[28.126,56.548],[28.029,56.577],[27.997,56.604],[27.981,56.687],[27.865,56.743],[27.919,56.806],[27.831,56.864],[27.786,56.871],[27.644,56.842],[27.649,56.879],[27.715,56.957],[27.746,57.031],[27.701,57.119],[27.824,57.159],[27.84,57.291],[27.694,57.356],[27.672,57.32],[27.6,57.298],[27.556,57.259],[27.487,57.274]]]},"properties":{"id":"LV-LATGALE","unit":"LV","name":"Latgale","level":"region"}},{"type":"Feature","geometry":{"type":"Polygon","coordinates":[[[24.827,57.982],[24.734,57.992],[24.685,57.948],[24.582,57.946],[24.534,57.945],[24.429,57.9],[24.402,57.866],[24.306,57.868],[24.289,57.845],[24.3,57.744],[24.358,57.685],[24.395,57.4],[24.405,57.348],[24.401,57.258],[24.331,57.2],[24.211,57.124],[24.113,57.089],[24.036,57.069],[23.927,57.006],[23.695,56.967],[23.579,56.982],[23.509,57.031],[23.34,57.059],[23.25,57.114],[23.222,57.207],[23.16,57.319],[23.113,57.265],[23.08,57.238],[22.967,57.184],[22.931,57.145],[22.808,57.137],[22.761,57.112],[22.642,57.095],[22.636,57.016],[22.508,57.014],[22.472,56.982],[22.455,56.917],[22.529,56.909],[22.491,56.852],[22.634,56.824],[22.642,56.808],[22.789,56.804],[22.821,56.772],[22.826,56.698],[22.986,56.711],[23.123,56.699],[23.3,56.715],[23.322,56.782],[23.487,56.816],[23.462,56.884],[23.507,56.895],[23.626,56.889],[23.707,56.852],[23.77,56.8],[23.756,56.744],[23.801,56.73],[23.901,56.746],[23.996,56.73],[24.008,56.71],[24.034,56.688],[24.16,56.67],[24.23,56.699],[24.355,56.662],[24.522,56.714],[24.601,56.707],[24.6,56.621],[24.732,56.544],[24.95,56.579],[25.05,56.612],[25.024,56.625],[25.017,56.682],[25.097,56.737],[25.176,56.703],[25.278,56.697],[25.295,56.755],[25.391,56.761],[25.505,56.813],[25.484,56.867],[25.532,56.933],[25.488,56.994],[25.427,56.949],[25.355,56.974],[25.284,56.965],[25.234,56.934],[25.143,56.951],[25.148,56.989],[25.169,57.068],[25.112,57.11],[24.987,57.125],[24.973,57.178],[24.9,57.219],[24.933,57.246],[24.832,57.396],[25.08,57.5],[25.022,57.555],[24.916,57.556],[24.881,57.625],[24.935,57.612],[25.094,57.653],[25.076,57.706],[25.099,57.736],[25.017,57.796],[24.896,57.831],[24.885,57.889],[24.842,57.901],[24.827,57.982]]]},"properties":{"id":"LV-RIGA","unit":"LV","name":"Riga region (incl. Pierīga)","level":"region"}},{"type":"Feature","geometry":{"type":"Polygon","coordinates":[[[25.094,58.067],[25.035,58.049],[24.949,58.006],[24.827,57.982],[24.842,57.901],[24.885,57.889],[24.896,57.831],[25.017,57.796],[25.099,57.736],[25.076,57.706],[25.094,57.653],[24.935,57.612],[24.881,57.625],[24.916,57.556],[25.022,57.555],[25.08,57.5],[24.832,57.396],[24.933,57.246],[24.9,57.219],[24.973,57.178],[24.987,57.125],[25.112,57.11],[25.169,57.068],[25.148,56.989],[25.143,56.951],[25.234,56.934],[25.284,56.965],[25.355,56.974],[25.427,56.949],[25.488,56.994],[25.532,56.933],[25.484,56.867],[25.505,56.813],[25.669,56.789],[25.692,56.77],[25.765,56.828],[25.843,56.789],[25.834,56.712],[25.907,56.697],[25.932,56.638],[26.023,56.629],[26.131,56.654],[26.225,56.61],[26.343,56.604],[26.376,56.636],[26.485,56.606],[26.594,56.595],[26.628,56.544],[26.744,56.559],[26.789,56.607],[26.773,56.681],[26.783,56.707],[26.928,56.831],[26.953,56.847],[26.985,56.878],[26.917,56.969],[26.86,56.983],[26.861,57.018],[26.953,57.065],[27.008,57.115],[27.157,57.226],[27.276,57.247],[27.355,57.285],[27.406,57.263],[27.487,57.274],[27.556,57.259],[27.6,57.298],[27.672,57.32],[27.694,57.356],[27.641,57.389],[27.511,57.43],[27.528,57.528],[27.353,57.528],[27.32,57.516],[27.166,57.547],[27.062,57.556],[26.947,57.615],[26.839,57.61],[26.796,57.571],[26.7,57.571],[26.5,57.516],[26.431,57.562],[26.351,57.58],[26.263,57.621],[26.169,57.704],[26.025,57.774],[26.003,57.846],[25.793,57.856],[25.704,57.921],[25.602,57.912],[25.552,57.95],[25.42,58.008],[25.318,58.041],[25.284,58.008],[25.202,57.992],[25.167,58.059],[25.094,58.067]]]},"properties":{"id":"LV-VIDZEME","unit":"LV","name":"Vidzeme","level":"region"}},{"type":"Feature","geometry":{"type":"Polygon","coordinates":[[[25.349,56.16],[25.523,56.157],[25.65,56.144],[25.709,56.081],[25.795,56.04],[25.86,56.082],[25.954,56.063],[26.026,56.079],[26.059,56.068],[26.139,56.131],[26.206,56.164],[26.313,56.15],[26.345,56.093],[26.301,56.183],[26.194,56.226],[26.198,56.276],[26.157,56.38],[26.089,56.406],[26.153,56.429],[26.257,56.512],[26.309,56.516],[26.363,56.451],[26.458,56.489],[26.541,56.49],[26.628,56.544],[26.594,56.595],[26.485,56.606],[26.376,56.636],[26.343,56.604],[26.225,56.61],[26.131,56.654],[26.023,56.629],[25.932,56.638],[25.907,56.697],[25.834,56.712],[25.843,56.789],[25.765,56.828],[25.692,56.77],[25.669,56.789],[25.505,56.813],[25.391,56.761],[25.295,56.755],[25.278,56.697],[25.176,56.703],[25.097,56.737],[25.017,56.682],[25.024,56.625],[25.05,56.612],[24.95,56.579],[24.732,56.544],[24.6,56.621],[24.601,56.707],[24.522,56.714],[24.355,56.662],[24.23,56.699],[24.16,56.67],[24.034,56.688],[24.008,56.71],[23.996,56.73],[23.901,56.746],[23.801,56.73],[23.756,56.744],[23.77,56.8],[23.707,56.852],[23.626,56.889],[23.507,56.895],[23.462,56.884],[23.487,56.816],[23.322,56.782],[23.3,56.715],[23.123,56.699],[22.986,56.711],[22.826,56.698],[22.859,56.644],[22.781,56.606],[22.798,56.568],[22.712,56.565],[22.701,56.493],[22.741,56.475],[22.727,56.425],[22.86,56.397],[22.957,56.402],[23.017,56.324],[23.113,56.311],[23.173,56.358],[23.288,56.373],[23.378,56.355],[23.518,56.329],[23.61,56.354],[23.707,56.354],[23.725,56.329],[23.871,56.332],[23.981,56.312],[24.14,56.258],[24.288,56.296],[24.447,56.261],[24.573,56.31],[24.679,56.377],[24.806,56.409],[24.871,56.443],[24.91,56.422],[24.962,56.319],[25.073,56.198],[25.109,56.183],[25.349,56.16]]]},"properties":{"id":"LV-ZEMGALE","unit":"LV","name":"Zemgale","level":"region"}},{"type":"Feature","geometry":{"type":"Polygon","coordinates":[[[14.951,51.397],[14.964,51.328],[15.019,51.272],[14.96,51.105],[14.955,51.064],[14.86,50.917],[14.81,50.877],[14.982,50.859],[14.997,51.008],[15.119,50.982],[15.227,50.977],[15.27,50.953],[15.253,50.914],[15.288,50.855],[15.341,50.832],[15.35,50.784],[15.442,50.8],[15.642,50.756],[15.684,50.731],[15.767,50.744],[15.848,50.675],[15.971,50.679],[16.024,50.609],[16.086,50.647],[16.175,50.624],[16.219,50.659],[16.332,50.644],[16.417,50.587],[16.383,50.514],[16.303,50.496],[16.211,50.451],[16.19,50.424],[16.263,50.364],[16.334,50.372],[16.371,50.318],[16.438,50.298],[16.535,50.208],[16.584,50.127],[16.661,50.093],[16.701,50.095],[16.818,50.187],[16.881,50.192],[16.96,50.232],[16.988,50.285],[16.927,50.319],[16.866,50.408],[16.944,50.42],[17.02,50.547],[17.133,50.579],[17.192,50.674],[17.264,50.761],[17.348,50.839],[17.383,50.892],[17.463,50.944],[17.496,51.025],[17.58,51.127],[17.715,51.15],[17.69,51.303],[17.718,51.345],[17.644,51.369],[17.524,51.37],[17.495,51.45],[17.557,51.535],[17.457,51.575],[17.347,51.594],[17.187,51.589],[17.15,51.535],[16.943,51.513],[16.828,51.538],[16.773,51.576],[16.676,51.61],[16.633,51.657],[16.612,51.715],[16.458,51.76],[16.371,51.749],[16.261,51.667],[16.182,51.656],[16.126,51.7],[16.097,51.752],[15.945,51.77],[15.91,51.727],[15.824,51.691],[15.725,51.572],[15.615,51.48],[15.544,51.469],[15.403,51.518],[15.33,51.502],[15.246,51.423],[15.129,51.456],[14.951,51.397]]]},"properties":{"id":"PL-DS","unit":"PL","name":"Lower Silesian Voivodeship","level":"region"}},{"type":"Feature","geometry":{"type":"Polygon","coordinates":[[[19.128,53.556],[18.96,53.538],[18.875,53.562],[18.759,53.625],[18.678,53.632],[18.583,53.605],[18.498,53.635],[18.318,53.653],[18.256,53.694],[18.051,53.681],[17.924,53.696],[17.856,53.639],[17.756,53.606],[17.746,53.557],[17.683,53.542],[17.508,53.562],[17.397,53.434],[17.297,53.34],[17.309,53.31],[17.394,53.271],[17.442,53.205],[17.351,53.159],[17.39,53.081],[17.376,53.019],[17.331,52.956],[17.413,52.939],[17.488,52.904],[17.537,52.839],[17.516,52.768],[17.447,52.718],[17.518,52.654],[17.617,52.667],[17.661,52.621],[17.813,52.596],[17.889,52.571],[17.991,52.514],[18.097,52.492],[18.159,52.452],[18.26,52.435],[18.352,52.487],[18.425,52.426],[18.511,52.443],[18.742,52.329],[18.769,52.291],[18.945,52.323],[19.04,52.278],[19.074,52.301],[19.198,52.303],[19.296,52.334],[19.307,52.368],[19.38,52.443],[19.356,52.474],[19.455,52.665],[19.497,52.705],[19.44,52.787],[19.469,52.82],[19.458,52.898],[19.507,52.894],[19.589,52.945],[19.646,52.931],[19.664,52.987],[19.649,53.055],[19.748,53.093],[19.733,53.185],[19.681,53.263],[19.626,53.286],[19.512,53.304],[19.405,53.343],[19.285,53.365],[19.128,53.556]]]},"properties":{"id":"PL-KP","unit":"PL","name":"Kuyavian-Pomeranian Voivodeship","level":"region"}},{"type":"Feature","geometry":{"type":"Polygon","coordinates":[[[16.371,51.749],[16.34,51.824],[16.275,51.868],[16.202,51.837],[16.113,51.865],[16.11,51.965],[16.039,51.968],[15.963,52.047],[15.857,52.104],[15.85,52.169],[15.901,52.287],[15.899,52.348],[15.837,52.424],[15.885,52.433],[15.865,52.535],[15.83,52.594],[15.831,52.693],[15.948,52.72],[15.977,52.743],[15.925,52.81],[16.022,52.885],[16.019,52.949],[16.039,53.007],[16.057,53.054],[16.03,53.103],[15.926,53.105],[15.784,53.011],[15.733,52.989],[15.527,52.989],[15.358,52.954],[15.31,52.89],[15.249,52.846],[15.196,52.842],[15.03,52.875],[14.932,52.843],[14.868,52.758],[14.79,52.691],[14.654,52.67],[14.608,52.596],[14.645,52.577],[14.609,52.518],[14.632,52.497],[14.54,52.422],[14.545,52.382],[14.607,52.276],[14.697,52.253],[14.712,52.215],[14.686,52.121],[14.761,52.077],[14.699,51.993],[14.696,51.931],[14.653,51.879],[14.596,51.842],[14.586,51.804],[14.634,51.769],[14.648,51.717],[14.72,51.676],[14.744,51.607],[14.713,51.567],[14.732,51.516],[14.911,51.469],[14.945,51.449],[14.951,51.397],[15.129,51.456],[15.246,51.423],[15.33,51.502],[15.403,51.518],[15.544,51.469],[15.615,51.48],[15.725,51.572],[15.824,51.691],[15.91,51.727],[15.945,51.77],[16.097,51.752],[16.126,51.7],[16.182,51.656],[16.261,51.667],[16.371,51.749]]]},"properties":{"id":"PL-LB","unit":"PL","name":"Lubusz Voivodeship","level":"region"}},{"type":"Feature","geometry":{"type":"Polygon","coordinates":[[[19.751,50.804],[19.837,50.861],[19.851,50.954],[19.899,50.99],[20.031,50.929],[20.062,50.979],[20.052,51.012],[19.976,51.072],[20.001,51.132],[20.056,51.16],[20.167,51.15],[20.268,51.197],[20.367,51.22],[20.432,51.29],[20.441,51.347],[20.505,51.384],[20.522,51.444],[20.472,51.464],[20.451,51.543],[20.422,51.587],[20.448,51.643],[20.525,51.644],[20.658,51.617],[20.674,51.657],[20.604,51.718],[20.613,51.796],[20.554,51.845],[20.415,51.899],[20.309,51.891],[20.216,51.974],[20.252,52.058],[20.199,52.085],[20.1,52.104],[20.064,52.192],[19.969,52.221],[19.918,52.268],[19.849,52.246],[19.641,52.219],[19.549,52.265],[19.392,52.294],[19.296,52.334],[19.198,52.303],[19.074,52.301],[19.04,52.278],[19.079,52.209],[19.017,52.172],[18.917,52.146],[18.897,52.055],[18.847,52.019],[18.714,52.01],[18.693,51.945],[18.719,51.846],[18.659,51.786],[18.514,51.795],[18.457,51.779],[18.385,51.688],[18.359,51.627],[18.366,51.453],[18.338,51.405],[18.29,51.384],[18.186,51.391],[18.144,51.335],[18.055,51.302],[18.076,51.242],[18.134,51.21],[18.15,51.136],[18.202,51.096],[18.426,51.06],[18.53,51.083],[18.581,51.033],[18.656,50.995],[18.706,51.011],[18.847,51.014],[18.911,51.037],[19.108,50.969],[19.253,50.96],[19.354,50.971],[19.415,50.936],[19.508,50.842],[19.642,50.839],[19.751,50.804]]]},"properties":{"id":"PL-LD","unit":"PL","name":"Łódź Voivodeship","level":"region"}},{"type":"Feature","geometry":{"type":"Polygon","coordinates":[[[23.176,52.285],[23.087,52.292],[22.898,52.102],[22.859,52.093],[22.701,52.136],[22.6,52.062],[22.451,52.066],[22.356,52.022],[22.133,52.004],[21.988,52.005],[21.912,51.991],[21.841,51.958],[21.912,51.815],[21.947,51.782],[21.853,51.728],[21.904,51.68],[21.872,51.642],[21.801,51.627],[21.692,51.643],[21.647,51.601],[21.675,51.577],[21.821,51.563],[21.863,51.478],[21.862,51.437],[21.815,51.405],[21.852,51.35],[21.836,51.27],[21.803,51.248],[21.772,51.151],[21.815,51.055],[21.81,50.925],[21.844,50.83],[21.976,50.773],[22.051,50.77],[22.117,50.8],[22.195,50.792],[22.262,50.76],[22.203,50.68],[22.222,50.66],[22.455,50.622],[22.612,50.568],[22.658,50.479],[22.568,50.465],[22.527,50.423],[22.595,50.362],[22.734,50.38],[22.721,50.342],[22.858,50.317],[23.083,50.312],[23.158,50.323],[23.305,50.416],[23.463,50.421],[23.558,50.365],[23.659,50.327],[23.682,50.368],[23.748,50.389],[23.929,50.391],[23.981,50.405],[24.011,50.493],[24.106,50.539],[24.085,50.604],[24.108,50.63],[24.075,50.69],[24.027,50.728],[24.026,50.767],[23.974,50.776],[23.97,50.825],[24.131,50.839],[24.13,50.869],[23.979,50.938],[23.912,51.007],[23.904,51.063],[23.854,51.122],[23.875,51.136],[23.743,51.216],[23.687,51.292],[23.634,51.339],[23.698,51.404],[23.649,51.454],[23.663,51.48],[23.606,51.517],[23.54,51.607],[23.56,51.672],[23.56,51.755],[23.629,51.81],[23.595,51.843],[23.648,51.974],[23.676,51.994],[23.637,52.084],[23.579,52.122],[23.512,52.124],[23.485,52.159],[23.396,52.2],[23.212,52.232],[23.176,52.285]]]},"properties":{"id":"PL-LU","unit":"PL","name":"Lublin Voivodeship","level":"region"}},{"type":"Feature","geometry":{"type":"Polygon","coordinates":[[[19.449,49.6],[19.505,49.563],[19.557,49.454],[19.635,49.441],[19.627,49.402],[19.769,49.393],[19.783,49.29],[19.807,49.275],[19.752,49.219],[19.832,49.186],[19.906,49.223],[19.966,49.216],[20.017,49.184],[20.07,49.183],[20.086,49.243],[20.13,49.304],[20.207,49.334],[20.284,49.339],[20.33,49.392],[20.522,49.374],[20.605,49.4],[20.69,49.401],[20.778,49.331],[20.942,49.296],[21.017,49.352],[21.073,49.357],[21.054,49.414],[21.125,49.424],[21.173,49.398],[21.274,49.447],[21.428,49.41],[21.514,49.417],[21.477,49.487],[21.459,49.56],[21.461,49.63],[21.426,49.7],[21.366,49.742],[21.259,49.772],[21.246,49.814],[21.345,49.864],[21.332,49.892],[21.266,49.907],[21.228,49.948],[21.237,50.031],[21.21,50.182],[21.216,50.238],[21.284,50.327],[21.295,50.411],[21.181,50.337],[21.12,50.349],[21.049,50.318],[20.96,50.314],[20.771,50.274],[20.68,50.218],[20.634,50.174],[20.502,50.177],[20.429,50.205],[20.347,50.295],[20.285,50.399],[20.208,50.431],[20.124,50.448],[20.051,50.484],[19.956,50.484],[19.966,50.445],[19.839,50.394],[19.697,50.389],[19.608,50.344],[19.502,50.361],[19.404,50.26],[19.305,50.25],[19.405,50.175],[19.168,50.004],[19.112,49.92],[19.18,49.884],[19.213,49.816],[19.263,49.803],[19.299,49.748],[19.369,49.718],[19.436,49.71],[19.407,49.64],[19.449,49.6]]]},"properties":{"id":"PL-MA","unit":"PL","name":"Lesser Poland Voivodeship","level":"region"}},{"type":"Feature","geometry":{"type":"Polygon","coordinates":[[[21.523,53.444],[21.402,53.438],[21.349,53.396],[21.263,53.375],[21.174,53.38],[21.098,53.326],[21.008,53.308],[20.912,53.309],[20.839,53.283],[20.704,53.276],[20.635,53.235],[20.495,53.186],[20.42,53.182],[20.316,53.106],[20.241,53.098],[19.925,53.127],[19.877,53.151],[19.748,53.093],[19.649,53.055],[19.664,52.987],[19.646,52.931],[19.589,52.945],[19.507,52.894],[19.458,52.898],[19.469,52.82],[19.44,52.787],[19.497,52.705],[19.455,52.665],[19.356,52.474],[19.38,52.443],[19.307,52.368],[19.296,52.334],[19.392,52.294],[19.549,52.265],[19.641,52.219],[19.849,52.246],[19.918,52.268],[19.969,52.221],[20.064,52.192],[20.1,52.104],[20.199,52.085],[20.252,52.058],[20.216,51.974],[20.309,51.891],[20.415,51.899],[20.554,51.845],[20.613,51.796],[20.604,51.718],[20.674,51.657],[20.658,51.617],[20.525,51.644],[20.448,51.643],[20.422,51.587],[20.451,51.543],[20.472,51.464],[20.522,51.444],[20.505,51.384],[20.441,51.347],[20.432,51.29],[20.487,51.277],[20.517,51.23],[20.682,51.167],[20.752,51.117],[20.873,51.101],[21.012,51.115],[21.106,51.171],[21.185,51.078],[21.253,51.05],[21.33,51.046],[21.496,51.013],[21.815,51.055],[21.772,51.151],[21.803,51.248],[21.836,51.27],[21.852,51.35],[21.815,51.405],[21.862,51.437],[21.863,51.478],[21.821,51.563],[21.675,51.577],[21.647,51.601],[21.692,51.643],[21.801,51.627],[21.872,51.642],[21.904,51.68],[21.853,51.728],[21.947,51.782],[21.912,51.815],[21.841,51.958],[21.912,51.991],[21.988,52.005],[22.133,52.004],[22.356,52.022],[22.451,52.066],[22.6,52.062],[22.701,52.136],[22.859,52.093],[22.898,52.102],[23.087,52.292],[22.923,52.372],[22.845,52.366],[22.583,52.395],[22.539,52.429],[22.511,52.535],[22.412,52.601],[22.412,52.66],[22.378,52.794],[22.264,52.767],[22.207,52.802],[22.223,52.857],[22.175,52.879],[22.125,52.846],[22.049,52.84],[21.978,52.862],[21.923,52.953],[21.835,53.008],[21.847,53.052],[21.693,53.095],[21.6,53.222],[21.575,53.337],[21.523,53.444]]]},"properties":{"id":"PL-MZ","unit":"PL","name":"Masovian Voivodeship","level":"region"}},{"type":"Feature","geometry":{"type":"Polygon","coordinates":[[[18.656,50.995],[18.581,51.033],[18.53,51.083],[18.426,51.06],[18.202,51.096],[18.15,51.136],[18.036,51.093],[17.917,51.066],[17.854,51.068],[17.801,51.095],[17.782,51.141],[17.715,51.15],[17.58,51.127],[17.496,51.025],[17.463,50.944],[17.383,50.892],[17.348,50.839],[17.264,50.761],[17.192,50.674],[17.133,50.579],[17.02,50.547],[16.944,50.42],[17.185,50.376],[17.211,50.336],[17.317,50.319],[17.335,50.27],[17.606,50.258],[17.685,50.312],[17.734,50.289],[17.738,50.202],[17.584,50.146],[17.633,50.106],[17.719,50.081],[17.763,50.025],[17.839,49.974],[18.032,50.003],[18.019,50.044],[18.08,50.136],[18.206,50.153],[18.363,50.211],[18.374,50.291],[18.357,50.419],[18.41,50.449],[18.401,50.485],[18.443,50.512],[18.589,50.511],[18.577,50.547],[18.486,50.608],[18.467,50.646],[18.535,50.785],[18.614,50.817],[18.601,50.893],[18.656,50.995]]]},"properties":{"id":"PL-OP","unit":"PL","name":"Opole Voivodeship","level":"region"}},{"type":"Feature","geometry":{"type":"Polygon","coordinates":[[[23.92,52.773],[23.91,53.013],[23.861,53.087],[23.894,53.152],[23.848,53.184],[23.783,53.271],[23.743,53.365],[23.676,53.456],[23.591,53.611],[23.565,53.742],[23.53,53.784],[23.486,53.939],[23.459,53.992],[23.496,54.022],[23.474,54.113],[23.433,54.169],[23.336,54.226],[23.235,54.254],[23.117,54.303],[23.05,54.295],[23.042,54.341],[22.973,54.375],[22.859,54.399],[22.811,54.393],[22.789,54.337],[22.665,54.275],[22.442,54.257],[22.348,54.179],[22.449,54.099],[22.465,54.042],[22.622,53.925],[22.618,53.878],[22.543,53.774],[22.486,53.738],[22.207,53.635],[22.11,53.57],[21.937,53.499],[21.863,53.493],[21.739,53.458],[21.596,53.463],[21.523,53.444],[21.575,53.337],[21.6,53.222],[21.693,53.095],[21.847,53.052],[21.835,53.008],[21.923,52.953],[21.978,52.862],[22.049,52.84],[22.125,52.846],[22.175,52.879],[22.223,52.857],[22.207,52.802],[22.264,52.767],[22.378,52.794],[22.412,52.66],[22.412,52.601],[22.511,52.535],[22.539,52.429],[22.583,52.395],[22.845,52.366],[22.923,52.372],[23.087,52.292],[23.176,52.285],[23.212,52.348],[23.392,52.51],[23.569,52.586],[23.736,52.615],[23.869,52.67],[23.909,52.7],[23.92,52.773]]]},"properties":{"id":"PL-PD","unit":"PL","name":"Podlaskie Voivodeship","level":"region"}},{"type":"Feature","geometry":{"type":"Polygon","coordinates":[[[21.514,49.417],[21.601,49.426],[21.692,49.402],[21.758,49.349],[21.82,49.377],[21.928,49.331],[21.993,49.278],[22.012,49.211],[22.041,49.197],[22.198,49.172],[22.216,49.14],[22.339,49.126],[22.39,49.093],[22.581,49.081],[22.643,49.043],[22.744,49.046],[22.855,48.994],[22.853,49.085],[22.706,49.169],[22.738,49.275],[22.724,49.367],[22.68,49.419],[22.641,49.529],[22.666,49.567],[22.777,49.68],[22.827,49.697],[22.888,49.77],[22.924,49.785],[23.101,49.957],[23.436,50.193],[23.565,50.258],[23.659,50.327],[23.558,50.365],[23.463,50.421],[23.305,50.416],[23.158,50.323],[23.083,50.312],[22.858,50.317],[22.721,50.342],[22.734,50.38],[22.595,50.362],[22.527,50.423],[22.568,50.465],[22.658,50.479],[22.612,50.568],[22.455,50.622],[22.222,50.66],[22.203,50.68],[22.262,50.76],[22.195,50.792],[22.117,50.8],[22.051,50.77],[21.976,50.773],[21.844,50.83],[21.84,50.74],[21.806,50.691],[21.745,50.675],[21.669,50.608],[21.644,50.558],[21.595,50.525],[21.435,50.487],[21.404,50.444],[21.36,50.446],[21.295,50.411],[21.284,50.327],[21.216,50.238],[21.21,50.182],[21.237,50.031],[21.228,49.948],[21.266,49.907],[21.332,49.892],[21.345,49.864],[21.246,49.814],[21.259,49.772],[21.366,49.742],[21.426,49.7],[21.461,49.63],[21.459,49.56],[21.477,49.487],[21.514,49.417]]]},"properties":{"id":"PL-PK","unit":"PL","name":"Subcarpathian Voivodeship","level":"region"}},{"type":"Feature","geometry":{"type":"Polygon","coordinates":[[[19.758,54.434],[19.61,54.457],[19.531,54.415],[19.377,54.378],[19.002,54.345],[18.886,54.35],[18.717,54.382],[18.694,54.405],[18.588,54.434],[18.571,54.55],[18.517,54.63],[18.476,54.64],[18.474,54.688],[18.413,54.732],[18.429,54.782],[18.708,54.701],[18.784,54.624],[18.814,54.643],[18.752,54.69],[18.317,54.838],[18.152,54.838],[17.885,54.824],[17.716,54.79],[17.337,54.749],[17.036,54.667],[16.94,54.606],[16.785,54.577],[16.857,54.493],[16.97,54.387],[16.977,54.339],[16.933,54.278],[16.951,54.209],[16.811,54.189],[16.875,54.075],[16.883,53.965],[16.95,53.93],[17.002,53.831],[16.952,53.817],[17.002,53.753],[16.93,53.697],[16.948,53.588],[17.037,53.509],[17.096,53.488],[17.299,53.483],[17.397,53.434],[17.508,53.562],[17.683,53.542],[17.746,53.557],[17.756,53.606],[17.856,53.639],[17.924,53.696],[18.051,53.681],[18.256,53.694],[18.318,53.653],[18.498,53.635],[18.583,53.605],[18.678,53.632],[18.759,53.625],[18.875,53.562],[18.96,53.538],[19.128,53.556],[19.276,53.719],[19.353,53.758],[19.49,53.769],[19.554,53.882],[19.405,53.885],[19.363,53.956],[19.264,53.977],[19.209,54.072],[19.296,54.147],[19.243,54.231],[19.274,54.282],[19.396,54.263],[19.435,54.297],[19.563,54.346],[19.72,54.391],[19.758,54.434]]]},"properties":{"id":"PL-PM","unit":"PL","name":"Pomeranian Voivodeship","level":"region"}},{"type":"Feature","geometry":{"type":"Polygon","coordinates":[[[19.956,50.484],[20.051,50.484],[20.124,50.448],[20.208,50.431],[20.285,50.399],[20.347,50.295],[20.429,50.205],[20.502,50.177],[20.634,50.174],[20.68,50.218],[20.771,50.274],[20.96,50.314],[21.049,50.318],[21.12,50.349],[21.181,50.337],[21.295,50.411],[21.36,50.446],[21.404,50.444],[21.435,50.487],[21.595,50.525],[21.644,50.558],[21.669,50.608],[21.745,50.675],[21.806,50.691],[21.84,50.74],[21.844,50.83],[21.81,50.925],[21.815,51.055],[21.496,51.013],[21.33,51.046],[21.253,51.05],[21.185,51.078],[21.106,51.171],[21.012,51.115],[20.873,51.101],[20.752,51.117],[20.682,51.167],[20.517,51.23],[20.487,51.277],[20.432,51.29],[20.367,51.22],[20.268,51.197],[20.167,51.15],[20.056,51.16],[20.001,51.132],[19.976,51.072],[20.052,51.012],[20.062,50.979],[20.031,50.929],[19.899,50.99],[19.851,50.954],[19.837,50.861],[19.751,50.804],[19.849,50.789],[19.848,50.758],[19.779,50.751],[19.742,50.706],[19.769,50.685],[19.879,50.654],[19.914,50.574],[19.825,50.51],[19.956,50.484]]]},"properties":{"id":"PL-SK","unit":"PL","name":"Świętokrzyskie Voivodeship","level":"region"}},{"type":"Feature","geometry":{"type":"Polygon","coordinates":[[[19.449,49.6],[19.407,49.64],[19.436,49.71],[19.369,49.718],[19.299,49.748],[19.263,49.803],[19.213,49.816],[19.18,49.884],[19.112,49.92],[19.168,50.004],[19.405,50.175],[19.305,50.25],[19.404,50.26],[19.502,50.361],[19.608,50.344],[19.697,50.389],[19.839,50.394],[19.966,50.445],[19.956,50.484],[19.825,50.51],[19.914,50.574],[19.879,50.654],[19.769,50.685],[19.742,50.706],[19.779,50.751],[19.848,50.758],[19.849,50.789],[19.751,50.804],[19.642,50.839],[19.508,50.842],[19.415,50.936],[19.354,50.971],[19.253,50.96],[19.108,50.969],[18.911,51.037],[18.847,51.014],[18.706,51.011],[18.656,50.995],[18.601,50.893],[18.614,50.817],[18.535,50.785],[18.467,50.646],[18.486,50.608],[18.577,50.547],[18.589,50.511],[18.443,50.512],[18.401,50.485],[18.41,50.449],[18.357,50.419],[18.374,50.291],[18.363,50.211],[18.206,50.153],[18.08,50.136],[18.019,50.044],[18.256,49.946],[18.307,49.91],[18.369,49.932],[18.482,49.897],[18.559,49.907],[18.567,49.805],[18.637,49.7],[18.728,49.669],[18.773,49.676],[18.835,49.548],[18.833,49.51],[18.932,49.504],[18.952,49.476],[18.962,49.389],[19.068,49.406],[19.173,49.402],[19.22,49.493],[19.249,49.516],[19.347,49.533],[19.449,49.6]]]},"properties":{"id":"PL-SL","unit":"PL","name":"Silesian Voivodeship","level":"region"}},{"type":"Feature","geometry":{"type":"Polygon","coordinates":[[[22.767,54.356],[22.698,54.343],[21.721,54.373],[20.93,54.398],[20.352,54.416],[19.758,54.434],[19.72,54.391],[19.563,54.346],[19.435,54.297],[19.396,54.263],[19.274,54.282],[19.243,54.231],[19.296,54.147],[19.209,54.072],[19.264,53.977],[19.363,53.956],[19.405,53.885],[19.554,53.882],[19.49,53.769],[19.353,53.758],[19.276,53.719],[19.128,53.556],[19.285,53.365],[19.405,53.343],[19.512,53.304],[19.626,53.286],[19.681,53.263],[19.733,53.185],[19.748,53.093],[19.877,53.151],[19.925,53.127],[20.241,53.098],[20.316,53.106],[20.42,53.182],[20.495,53.186],[20.635,53.235],[20.704,53.276],[20.839,53.283],[20.912,53.309],[21.008,53.308],[21.098,53.326],[21.174,53.38],[21.263,53.375],[21.349,53.396],[21.402,53.438],[21.523,53.444],[21.596,53.463],[21.739,53.458],[21.863,53.493],[21.937,53.499],[22.11,53.57],[22.207,53.635],[22.486,53.738],[22.543,53.774],[22.618,53.878],[22.622,53.925],[22.465,54.042],[22.449,54.099],[22.348,54.179],[22.442,54.257],[22.665,54.275],[22.789,54.337],[22.811,54.393],[22.767,54.356]]]},"properties":{"id":"PL-WN","unit":"PL","name":"Warmian-Masurian Voivodeship","level":"region"}},{"type":"Feature","geometry":{"type":"Polygon","coordinates":[[[17.715,51.15],[17.782,51.141],[17.801,51.095],[17.854,51.068],[17.917,51.066],[18.036,51.093],[18.15,51.136],[18.134,51.21],[18.076,51.242],[18.055,51.302],[18.144,51.335],[18.186,51.391],[18.29,51.384],[18.338,51.405],[18.366,51.453],[18.359,51.627],[18.385,51.688],[18.457,51.779],[18.514,51.795],[18.659,51.786],[18.719,51.846],[18.693,51.945],[18.714,52.01],[18.847,52.019],[18.897,52.055],[18.917,52.146],[19.017,52.172],[19.079,52.209],[19.04,52.278],[18.945,52.323],[18.769,52.291],[18.742,52.329],[18.511,52.443],[18.425,52.426],[18.352,52.487],[18.26,52.435],[18.159,52.452],[18.097,52.492],[17.991,52.514],[17.889,52.571],[17.813,52.596],[17.661,52.621],[17.617,52.667],[17.518,52.654],[17.447,52.718],[17.516,52.768],[17.537,52.839],[17.488,52.904],[17.413,52.939],[17.331,52.956],[17.376,53.019],[17.39,53.081],[17.351,53.159],[17.442,53.205],[17.394,53.271],[17.309,53.31],[17.297,53.34],[17.397,53.434],[17.299,53.483],[17.096,53.488],[17.037,53.509],[16.948,53.588],[16.837,53.585],[16.765,53.461],[16.551,53.461],[16.529,53.442],[16.545,53.366],[16.608,53.33],[16.72,53.306],[16.758,53.254],[16.675,53.189],[16.601,53.176],[16.456,53.125],[16.375,53.048],[16.279,52.993],[16.155,52.974],[16.039,53.007],[16.019,52.949],[16.022,52.885],[15.925,52.81],[15.977,52.743],[15.948,52.72],[15.831,52.693],[15.83,52.594],[15.865,52.535],[15.885,52.433],[15.837,52.424],[15.899,52.348],[15.901,52.287],[15.85,52.169],[15.857,52.104],[15.963,52.047],[16.039,51.968],[16.11,51.965],[16.113,51.865],[16.202,51.837],[16.275,51.868],[16.34,51.824],[16.371,51.749],[16.458,51.76],[16.612,51.715],[16.633,51.657],[16.676,51.61],[16.773,51.576],[16.828,51.538],[16.943,51.513],[17.15,51.535],[17.187,51.589],[17.347,51.594],[17.457,51.575],[17.557,51.535],[17.495,51.45],[17.524,51.37],[17.644,51.369],[17.718,51.345],[17.69,51.303],[17.715,51.15]]]},"properties":{"id":"PL-WP","unit":"PL","name":"Greater Poland Voivodeship","level":"region"}},{"type":"Feature","geometry":{"type":"Polygon","coordinates":[[[16.039,53.007],[16.155,52.974],[16.279,52.993],[16.375,53.048],[16.456,53.125],[16.601,53.176],[16.675,53.189],[16.758,53.254],[16.72,53.306],[16.608,53.33],[16.545,53.366],[16.529,53.442],[16.551,53.461],[16.765,53.461],[16.837,53.585],[16.948,53.588],[16.93,53.697],[17.002,53.753],[16.952,53.817],[17.002,53.831],[16.95,53.93],[16.883,53.965],[16.875,54.075],[16.811,54.189],[16.951,54.209],[16.933,54.278],[16.977,54.339],[16.97,54.387],[16.857,54.493],[16.785,54.577],[16.57,54.557],[16.501,54.532],[16.324,54.401],[16.337,54.359],[16.241,54.325],[16.22,54.277],[15.86,54.25],[15.666,54.198],[15.288,54.139],[15.01,54.07],[14.782,54.035],[14.517,53.965],[14.367,53.917],[14.193,53.911],[14.275,53.831],[14.405,53.844],[14.441,53.87],[14.576,53.855],[14.624,53.77],[14.576,53.77],[14.545,53.704],[14.576,53.66],[14.415,53.682],[14.342,53.715],[14.264,53.7],[14.261,53.656],[14.297,53.598],[14.304,53.509],[14.36,53.444],[14.409,53.272],[14.442,53.252],[14.378,53.177],[14.39,53.132],[14.343,53.049],[14.254,53.001],[14.144,52.96],[14.161,52.877],[14.124,52.851],[14.216,52.818],[14.382,52.738],[14.432,52.686],[14.55,52.636],[14.608,52.596],[14.654,52.67],[14.79,52.691],[14.868,52.758],[14.932,52.843],[15.03,52.875],[15.196,52.842],[15.249,52.846],[15.31,52.89],[15.358,52.954],[15.527,52.989],[15.733,52.989],[15.784,53.011],[15.926,53.105],[16.03,53.103],[16.057,53.054],[16.039,53.007]]]},"properties":{"id":"PL-ZP","unit":"PL","name":"West Pomeranian Voivodeship","level":"region"}},{"type":"Feature","geometry":{"type":"Polygon","coordinates":[[[21.268,55.249],[21.268,55.212],[21.181,55.193],[21.23,54.939],[21.079,54.9],[20.86,54.911],[20.764,54.948],[20.577,54.939],[20.531,54.965],[20.688,55.051],[20.824,55.143],[20.913,55.233],[20.989,55.273],[20.925,55.283],[20.808,55.176],[20.634,55.049],[20.482,54.976],[20.366,54.946],[20.206,54.958],[20.034,54.948],[19.977,54.965],[19.921,54.89],[19.962,54.773],[19.93,54.719],[19.832,54.598],[19.734,54.526],[19.61,54.457],[19.758,54.434],[20.352,54.416],[20.93,54.398],[21.721,54.373],[22.698,54.343],[22.767,54.356],[22.68,54.453],[22.682,54.57],[22.725,54.723],[22.833,54.779],[22.848,54.814],[22.809,54.894],[22.749,54.91],[22.716,54.951],[22.633,54.958],[22.571,55.064],[22.541,55.076],[22.436,55.058],[22.27,55.07],[22.143,55.055],[22.1,55.03],[22.028,55.044],[22.015,55.088],[21.951,55.08],[21.82,55.119],[21.751,55.128],[21.605,55.192],[21.504,55.194],[21.406,55.272],[21.35,55.288],[21.268,55.249]]]},"properties":{"id":"RU-KGD","unit":"RU-KGD","name":"Kaliningrad Oblast","level":"region"}},{"type":"Feature","geometry":{"type":"MultiPolygon","coordinates":[[[[29.975,58.445],[30.041,58.443],[30.167,58.533],[30.088,58.64],[30.116,58.692],[30.101,58.73],[30.158,58.763],[30.28,58.754],[30.413,58.711],[30.497,58.733],[30.687,58.746],[30.719,58.76],[30.728,58.829],[30.912,58.936],[30.962,58.975],[30.981,59.06],[31.064,59.085],[31.16,59.073],[31.258,58.981],[31.306,58.985],[31.372,59.06],[31.452,59.092],[31.486,59.171],[31.56,59.232],[31.529,59.264],[31.532,59.353],[31.563,59.368],[31.827,59.314],[31.882,59.375],[31.941,59.398],[32.01,59.374],[32.124,59.394],[32.207,59.337],[32.226,59.293],[32.315,59.252],[32.291,59.207],[32.415,59.205],[32.584,59.181],[32.706,59.142],[32.766,59.216],[32.732,59.267],[32.848,59.347],[32.935,59.38],[32.955,59.422],[33.021,59.424],[33.052,59.389],[33.169,59.368],[33.246,59.326],[33.349,59.33],[33.368,59.38],[33.52,59.373],[33.632,59.317],[33.716,59.302],[33.855,59.198],[33.909,59.21],[33.968,59.156],[34.1,59.145],[34.204,59.169],[34.247,59.198],[34.366,59.178],[34.431,59.143],[34.568,59.108],[34.73,59.103],[34.798,59.102],[34.812,59.146],[34.901,59.238],[34.957,59.227],[35.038,59.251],[35.135,59.254],[35.301,59.301],[35.335,59.353],[35.394,59.362],[35.449,59.428],[35.324,59.507],[35.462,59.482],[35.441,59.52],[35.496,59.554],[35.497,59.647],[35.593,59.623],[35.634,59.64],[35.639,59.7],[35.424,59.701],[35.398,59.729],[35.382,59.875],[35.474,59.923],[35.404,59.974],[35.238,59.985],[35.087,60.041],[35.157,60.067],[35.147,60.269],[35.231,60.341],[35.252,60.445],[35.259,60.585],[35.228,60.683],[35.154,60.787],[35.281,60.85],[35.44,60.862],[35.514,60.929],[35.489,60.959],[35.536,61.01],[35.628,61.058],[35.686,61.121],[35.679,61.152],[35.602,61.188],[35.392,61.162],[35.328,61.192],[35.358,61.26],[35.258,61.254],[34.822,61.278],[34.741,61.32],[34.639,61.279],[34.544,61.27],[34.459,61.225],[34.457,61.168],[34.391,61.149],[34.339,61.202],[34.216,61.242],[33.535,61.221],[33.447,61.168],[33.452,61.134],[33.585,61.071],[33.696,61.122],[33.802,61.116],[33.867,61.071],[33.812,60.991],[33.752,60.944],[33.561,60.967],[33.48,60.999],[33.406,60.989],[33.423,60.936],[33.253,60.899],[33.155,60.841],[33.148,60.787],[33.078,60.738],[32.91,60.724],[32.795,60.655],[32.703,60.646],[29.87,61.176],[29.576,61.171],[29.491,61.239],[29.277,61.305],[29.203,61.246],[28.798,61.097],[28.689,61.027],[28.615,60.962],[28.481,60.933],[28.336,60.859],[28.244,60.792],[28.148,60.758],[27.981,60.649],[27.893,60.604],[27.846,60.558],[27.9,60.528],[28.034,60.526],[28.158,60.553],[28.216,60.548],[28.401,60.665],[28.574,60.683],[28.655,60.728],[28.722,60.721],[28.713,60.67],[28.658,60.594],[28.661,60.535],[28.707,60.478],[28.659,60.464],[28.544,60.51],[28.494,60.565],[28.439,60.56],[28.607,60.389],[28.724,60.345],[28.788,60.341],[28.922,60.28],[29.015,60.197],[29.092,60.178],[29.418,60.169],[29.447,60.211],[29.567,60.262],[29.633,60.266],[30.179,60.148],[30.39,60.123],[30.35,60.063],[30.374,60.036],[30.5,59.996],[30.527,59.97],[30.512,59.862],[30.583,59.83],[30.756,59.777],[30.748,59.726],[30.671,59.693],[30.556,59.686],[30.502,59.631],[30.371,59.604],[30.259,59.61],[30.113,59.663],[29.85,59.828],[29.781,59.825],[29.68,59.869],[29.697,59.95],[29.266,59.998],[29.161,60.003],[29.089,59.98],[29.014,59.93],[29.034,59.887],[28.976,59.831],[28.884,59.817],[28.846,59.79],[28.582,59.834],[28.517,59.862],[28.428,59.813],[28.418,59.708],[28.375,59.666],[28.224,59.691],[28.185,59.759],[28.087,59.799],[28.007,59.758],[27.993,59.703],[28.073,59.578],[28.019,59.482],[28.105,59.439],[28.186,59.375],[28.114,59.345],[28.077,59.305],[27.96,59.306],[27.904,59.29],[27.842,59.161],[27.784,59.077],[27.696,58.977],[27.873,59.014],[28.063,58.986],[28.131,58.99],[28.187,58.917],[28.272,58.856],[28.552,58.865],[28.757,58.827],[28.946,58.82],[28.975,58.78],[29.107,58.731],[29.232,58.706],[29.3,58.649],[29.256,58.62],[29.449,58.595],[29.507,58.537],[29.564,58.53],[29.539,58.48],[29.659,58.451],[29.786,58.44],[29.975,58.445]]],[[[28.712,60.295],[28.603,60.341],[28.544,60.316],[28.624,60.27],[28.712,60.295]]]]},"properties":{"id":"RU-LEN","unit":"RU-W","name":"Leningrad Oblast","level":"region"}},{"type":"Feature","geometry":{"type":"Polygon","coordinates":[[[31,56.965],[31.118,56.931],[31.307,56.969],[31.444,56.935],[31.546,56.94],[31.678,57.013],[31.673,57.065],[31.722,57.106],[31.801,57.093],[31.967,57.117],[32.102,57.157],[32.133,57.184],[32.272,57.195],[32.278,57.241],[32.41,57.24],[32.668,57.346],[32.689,57.405],[32.807,57.46],[32.93,57.457],[33.046,57.437],[33.092,57.468],[33.216,57.454],[33.25,57.49],[33.235,57.543],[33.309,57.566],[33.325,57.655],[33.477,57.687],[33.537,57.72],[33.581,57.858],[33.668,57.879],[33.701,57.927],[33.686,58.003],[33.63,58.037],[33.545,58.047],[33.639,58.129],[33.719,58.158],[33.869,58.144],[34.033,58.195],[34.142,58.208],[34.488,58.146],[34.651,58.081],[34.71,58.088],[34.684,58.197],[34.786,58.242],[34.84,58.227],[34.939,58.236],[35.035,58.2],[35.148,58.224],[35.269,58.271],[35.279,58.359],[35.394,58.431],[35.449,58.419],[35.552,58.448],[35.935,58.423],[35.941,58.455],[36.093,58.508],[36.163,58.511],[36.22,58.612],[36.157,58.613],[36.126,58.695],[35.979,58.729],[35.957,58.752],[35.836,58.745],[35.81,58.795],[35.751,58.827],[35.617,58.817],[35.595,58.833],[35.398,58.844],[35.266,58.765],[35.199,58.83],[35.125,58.815],[35.131,58.937],[35.025,58.942],[34.831,58.991],[34.879,59.043],[34.736,59.067],[34.73,59.103],[34.568,59.108],[34.431,59.143],[34.366,59.178],[34.247,59.198],[34.204,59.169],[34.1,59.145],[33.968,59.156],[33.909,59.21],[33.855,59.198],[33.716,59.302],[33.632,59.317],[33.52,59.373],[33.368,59.38],[33.349,59.33],[33.246,59.326],[33.169,59.368],[33.052,59.389],[33.021,59.424],[32.955,59.422],[32.935,59.38],[32.848,59.347],[32.732,59.267],[32.766,59.216],[32.706,59.142],[32.584,59.181],[32.415,59.205],[32.291,59.207],[32.315,59.252],[32.226,59.293],[32.207,59.337],[32.124,59.394],[32.01,59.374],[31.941,59.398],[31.882,59.375],[31.827,59.314],[31.563,59.368],[31.532,59.353],[31.529,59.264],[31.56,59.232],[31.486,59.171],[31.452,59.092],[31.372,59.06],[31.306,58.985],[31.258,58.981],[31.16,59.073],[31.064,59.085],[30.981,59.06],[30.962,58.975],[30.912,58.936],[30.728,58.829],[30.719,58.76],[30.687,58.746],[30.497,58.733],[30.413,58.711],[30.28,58.754],[30.158,58.763],[30.101,58.73],[30.116,58.692],[30.088,58.64],[30.167,58.533],[30.041,58.443],[29.975,58.445],[29.926,58.392],[29.825,58.349],[29.771,58.302],[29.658,58.244],[29.695,58.167],[29.679,58.077],[29.82,58.083],[29.889,58.037],[29.993,58.016],[29.918,57.976],[29.95,57.944],[30.072,57.941],[30.168,57.912],[30.53,57.887],[30.546,57.846],[30.499,57.797],[30.429,57.769],[30.52,57.742],[30.472,57.682],[30.609,57.617],[30.493,57.488],[30.483,57.38],[30.441,57.365],[30.516,57.318],[30.773,57.258],[30.722,57.21],[30.647,57.191],[30.67,57.14],[30.645,56.982],[30.686,56.959],[30.8,56.953],[31,56.965]]]},"properties":{"id":"RU-NGR","unit":"RU-W","name":"Novgorod Oblast","level":"region"}},{"type":"Feature","geometry":{"type":"Polygon","coordinates":[[[30.907,55.578],[30.953,55.66],[31.037,55.708],[31.047,55.769],[31.187,55.737],[31.467,55.729],[31.406,55.831],[31.413,55.89],[31.345,55.964],[31.498,56.029],[31.511,56.052],[31.474,56.119],[31.492,56.301],[31.341,56.309],[31.298,56.347],[31.231,56.346],[31.215,56.435],[31.062,56.473],[31.017,56.519],[31.08,56.623],[31.041,56.684],[30.913,56.656],[30.862,56.667],[30.817,56.72],[30.798,56.8],[30.89,56.808],[30.896,56.897],[30.978,56.917],[31,56.965],[30.8,56.953],[30.686,56.959],[30.645,56.982],[30.67,57.14],[30.647,57.191],[30.722,57.21],[30.773,57.258],[30.516,57.318],[30.441,57.365],[30.483,57.38],[30.493,57.488],[30.609,57.617],[30.472,57.682],[30.52,57.742],[30.429,57.769],[30.499,57.797],[30.546,57.846],[30.53,57.887],[30.168,57.912],[30.072,57.941],[29.95,57.944],[29.918,57.976],[29.993,58.016],[29.889,58.037],[29.82,58.083],[29.679,58.077],[29.695,58.167],[29.658,58.244],[29.771,58.302],[29.825,58.349],[29.926,58.392],[29.975,58.445],[29.786,58.44],[29.659,58.451],[29.539,58.48],[29.564,58.53],[29.507,58.537],[29.449,58.595],[29.256,58.62],[29.3,58.649],[29.232,58.706],[29.107,58.731],[28.975,58.78],[28.946,58.82],[28.757,58.827],[28.552,58.865],[28.272,58.856],[28.187,58.917],[28.131,58.99],[28.063,58.986],[27.873,59.014],[27.696,58.977],[27.478,58.875],[27.446,58.819],[27.411,58.755],[27.429,58.709],[27.555,58.395],[27.494,58.32],[27.483,58.269],[27.52,58.195],[27.63,58.088],[27.632,58.004],[27.669,57.992],[27.673,57.913],[27.774,57.891],[27.799,57.861],[27.701,57.825],[27.556,57.813],[27.502,57.773],[27.508,57.715],[27.408,57.689],[27.377,57.657],[27.375,57.598],[27.328,57.583],[27.353,57.528],[27.528,57.528],[27.511,57.43],[27.641,57.389],[27.694,57.356],[27.84,57.291],[27.824,57.159],[27.701,57.119],[27.746,57.031],[27.715,56.957],[27.649,56.879],[27.644,56.842],[27.786,56.871],[27.831,56.864],[27.919,56.806],[27.865,56.743],[27.981,56.687],[27.997,56.604],[28.029,56.577],[28.126,56.548],[28.093,56.502],[28.168,56.427],[28.174,56.35],[28.215,56.281],[28.149,56.142],[28.29,56.047],[28.39,56.089],[28.538,56.098],[28.621,56.083],[28.681,56.027],[28.706,55.96],[28.809,55.935],[28.86,55.976],[29.031,56.024],[29.145,56.012],[29.224,55.978],[29.377,55.954],[29.441,55.915],[29.392,55.888],[29.344,55.787],[29.363,55.751],[29.461,55.687],[29.508,55.685],[29.585,55.738],[29.684,55.771],[29.806,55.771],[29.869,55.831],[29.988,55.847],[30.106,55.822],[30.218,55.855],[30.271,55.831],[30.469,55.794],[30.481,55.754],[30.57,55.73],[30.596,55.665],[30.694,55.652],[30.742,55.594],[30.848,55.611],[30.907,55.578]]]},"properties":{"id":"RU-PSK","unit":"RU-W","name":"Pskov Oblast","level":"region"}},{"type":"Feature","geometry":{"type":"Polygon","coordinates":[[[31.179,54.453],[31.209,54.448],[31.285,54.347],[31.325,54.229],[31.506,54.144],[31.748,54.086],[31.771,54.049],[31.824,54.045],[31.847,53.992],[31.81,53.883],[31.754,53.82],[31.787,53.794],[31.873,53.777],[32.084,53.81],[32.165,53.782],[32.29,53.761],[32.372,53.714],[32.462,53.707],[32.481,53.662],[32.399,53.635],[32.411,53.582],[32.453,53.546],[32.554,53.511],[32.577,53.486],[32.65,53.488],[32.718,53.431],[32.826,53.444],[32.908,53.493],[32.899,53.569],[33.008,53.632],[33.13,53.718],[33.199,53.732],[33.204,53.792],[33.289,53.822],[33.248,53.89],[33.287,53.954],[33.349,53.982],[33.388,53.954],[33.475,53.972],[33.424,54.049],[33.465,54.085],[33.544,54.097],[33.562,54.156],[33.614,54.179],[33.619,54.234],[33.684,54.321],[33.617,54.381],[33.669,54.441],[33.643,54.485],[33.729,54.562],[33.889,54.559],[33.927,54.572],[34.026,54.552],[34.108,54.55],[34.213,54.505],[34.326,54.43],[34.416,54.451],[34.387,54.499],[34.436,54.512],[34.5,54.632],[34.467,54.686],[34.654,54.663],[34.817,54.709],[34.921,54.772],[34.853,54.814],[34.866,54.884],[35.002,54.887],[35.072,54.959],[35.131,54.962],[35.144,55.022],[35.226,55.055],[35.284,55.112],[35.3,55.186],[35.37,55.239],[35.301,55.299],[35.292,55.381],[35.314,55.432],[35.303,55.571],[35.372,55.562],[35.397,55.617],[35.347,55.665],[35.316,55.727],[35.354,55.779],[35.248,55.876],[35.207,55.938],[35.031,55.984],[34.825,55.952],[34.76,55.968],[34.68,55.921],[34.631,55.918],[34.374,56.014],[34.323,55.996],[34.28,56.045],[34.201,56.075],[34.081,56.055],[33.971,56.056],[33.917,56.073],[33.845,56.008],[33.838,55.949],[33.66,55.946],[33.67,55.865],[33.569,55.816],[33.505,55.755],[33.417,55.734],[33.372,55.703],[33.225,55.698],[33.188,55.653],[32.989,55.655],[32.939,55.632],[32.841,55.667],[32.722,55.69],[32.587,55.68],[32.502,55.703],[32.446,55.684],[32.337,55.712],[32.294,55.682],[32.094,55.674],[32.083,55.708],[31.995,55.749],[31.894,55.77],[31.806,55.75],[31.755,55.714],[31.586,55.747],[31.467,55.729],[31.187,55.737],[31.047,55.769],[31.037,55.708],[30.953,55.66],[30.907,55.578],[30.92,55.534],[30.887,55.468],[30.919,55.408],[30.846,55.351],[30.794,55.286],[30.857,55.253],[30.887,55.205],[30.96,55.163],[30.97,55.101],[31.006,55.042],[30.907,55.013],[30.936,54.973],[30.899,54.946],[30.815,54.928],[30.826,54.877],[30.768,54.83],[30.771,54.786],[30.981,54.706],[30.999,54.671],[31.105,54.668],[31.168,54.622],[31.065,54.492],[31.179,54.453]]]},"properties":{"id":"RU-SMO","unit":"RU-W","name":"Smolensk Oblast","level":"region"}},{"type":"Feature","geometry":{"type":"Polygon","coordinates":[[[29.418,60.169],[29.525,60.201],[29.701,60.201],[29.849,60.167],[29.9,60.134],[29.891,60.101],[29.948,60.03],[30.001,60.012],[30.21,60.001],[30.246,59.975],[30.193,59.881],[30.115,59.871],[29.863,59.918],[29.804,59.94],[29.697,59.95],[29.68,59.869],[29.781,59.825],[29.85,59.828],[30.113,59.663],[30.259,59.61],[30.371,59.604],[30.502,59.631],[30.556,59.686],[30.671,59.693],[30.748,59.726],[30.756,59.777],[30.583,59.83],[30.512,59.862],[30.527,59.97],[30.5,59.996],[30.374,60.036],[30.35,60.063],[30.39,60.123],[30.179,60.148],[29.633,60.266],[29.567,60.262],[29.447,60.211],[29.418,60.169]]]},"properties":{"id":"RU-SPE","unit":"RU-W","name":"Saint Petersburg","level":"region"}},{"type":"Feature","geometry":{"type":"Polygon","coordinates":[[[22.94,59.809],[22.375,59.822],[20.787,59.664],[20.205,59.822],[18.971,59.757],[18.509,59.408],[18.285,59.11],[17.457,58.858],[16.652,58.434],[16.77,58.214],[16.556,57.812],[16.653,57.501],[16.476,57.265],[16.528,57.068],[16.349,56.709],[15.997,56.222],[15.326,56.151],[14.782,56.162],[14.215,55.832],[14.342,55.528],[14.174,55.396],[13.806,55.429],[13.321,55.347],[12.885,55.404],[12.09,55.188],[12.056,54.846],[12.464,54.399],[13.029,54.411],[13.448,54.141],[13.828,54.127],[14.25,53.932],[16.186,54.29],[16.56,54.554],[17.262,54.73],[18.324,54.838],[18.67,54.431],[18.976,54.349],[19.407,54.386],[19.759,54.545],[19.975,54.921],[20.52,54.995],[20.846,55.232],[21.158,55.641],[21.015,56.259],[21.072,56.824],[21.351,57.018],[21.459,57.323],[21.74,57.573],[22.555,57.724],[23.137,57.324],[23.287,57.09],[23.648,56.971],[24.281,57.172],[24.403,57.325],[24.302,57.784],[24.529,58.354],[24.115,58.266],[23.768,58.361],[23.509,58.659],[23.477,59.026],[23.481,59.071],[22.94,59.809]],[[22.92,58.981],[23.009,58.834],[22.521,58.697],[22.411,58.863],[22.587,59.081],[22.92,58.981]],[[22.463,58.603],[22.964,58.606],[23.293,58.484],[22.73,58.231],[22.27,58.161],[22.022,57.933],[22.181,58.156],[21.882,58.262],[22.081,58.478],[22.463,58.603]],[[18.956,57.9],[18.814,57.706],[18.7,57.243],[18.285,57.083],[18.105,57.272],[18.136,57.556],[18.537,57.831],[18.956,57.9]],[[17.089,57.332],[16.529,56.291],[16.412,56.569],[17.089,57.332]],[[13.181,54.509],[13.423,54.699],[13.671,54.535],[13.364,54.246],[13.181,54.509]]]},"properties":{"id":"BALTIC-SEA","unit":"BALTIC-SEA","name":"Baltic Sea","level":"unit"}},{"type":"Feature","geometry":{"type":"Polygon","coordinates":[[[31.362,53.12],[31.379,53.182],[31.416,53.2],[31.536,53.195],[31.614,53.21],[31.739,53.193],[31.78,53.128],[31.907,53.092],[32.01,53.1],[32.083,53.082],[32.206,53.1],[32.353,53.18],[32.406,53.193],[32.479,53.275],[32.569,53.299],[32.58,53.324],[32.717,53.335],[32.718,53.431],[32.65,53.488],[32.577,53.486],[32.554,53.511],[32.453,53.546],[32.411,53.582],[32.399,53.635],[32.481,53.662],[32.462,53.707],[32.372,53.714],[32.29,53.761],[32.165,53.782],[32.084,53.81],[31.873,53.777],[31.787,53.794],[31.754,53.82],[31.81,53.883],[31.847,53.992],[31.824,54.045],[31.771,54.049],[31.748,54.086],[31.506,54.144],[31.325,54.229],[31.285,54.347],[31.209,54.448],[31.179,54.453],[31.065,54.492],[31.168,54.622],[31.105,54.668],[30.999,54.671],[30.981,54.706],[30.771,54.786],[30.768,54.83],[30.826,54.877],[30.815,54.928],[30.899,54.946],[30.936,54.973],[30.907,55.013],[31.006,55.042],[30.97,55.101],[30.96,55.163],[30.887,55.205],[30.857,55.253],[30.794,55.286],[30.846,55.351],[30.919,55.408],[30.887,55.468],[30.92,55.534],[30.907,55.578],[30.848,55.611],[30.742,55.594],[30.694,55.652],[30.596,55.665],[30.57,55.73],[30.481,55.754],[30.469,55.794],[30.271,55.831],[30.218,55.855],[30.106,55.822],[29.988,55.847],[29.869,55.831],[29.806,55.771],[29.684,55.771],[29.585,55.738],[29.508,55.685],[29.461,55.687],[29.363,55.751],[29.344,55.787],[29.392,55.888],[29.441,55.915],[29.377,55.954],[29.224,55.978],[29.145,56.012],[29.031,56.024],[28.86,55.976],[28.809,55.935],[28.706,55.96],[28.681,56.027],[28.621,56.083],[28.538,56.098],[28.39,56.089],[28.29,56.047],[28.149,56.142],[28.051,56.141],[27.911,56.1],[27.881,56.064],[27.781,56.016],[27.76,55.975],[27.645,55.923],[27.593,55.794],[27.439,55.799],[27.35,55.831],[27.282,55.792],[27.111,55.836],[26.979,55.826],[26.9,55.779],[26.823,55.706],[26.743,55.683],[26.667,55.694],[26.595,55.667],[26.596,55.568],[26.532,55.516],[26.543,55.46],[26.508,55.439],[26.445,55.338],[26.542,55.308],[26.603,55.317],[26.769,55.3],[26.801,55.273],[26.74,55.243],[26.634,55.192],[26.616,55.135],[26.579,55.119],[26.473,55.146],[26.42,55.128],[26.309,55.145],[26.233,55.112],[26.225,55.055],[26.17,54.993],[26.103,54.957],[25.981,54.943],[25.908,54.948],[25.783,54.87],[25.778,54.805],[25.724,54.78],[25.71,54.676],[25.74,54.569],[25.646,54.52],[25.62,54.488],[25.613,54.422],[25.53,54.346],[25.564,54.303],[25.696,54.321],[25.715,54.285],[25.787,54.232],[25.74,54.146],[25.632,54.128],[25.493,54.158],[25.554,54.231],[25.472,54.297],[25.37,54.248],[25.194,54.244],[25.157,54.176],[25.072,54.132],[24.851,54.145],[24.782,54.093],[24.821,54.02],[24.789,53.97],[24.724,53.963],[24.678,53.992],[24.529,53.958],[24.378,53.887],[24.257,53.894],[24.201,53.952],[24.137,53.955],[24.045,53.931],[23.92,53.948],[23.828,53.92],[23.787,53.928],[23.643,53.899],[23.486,53.939],[23.53,53.784],[23.565,53.742],[23.591,53.611],[23.676,53.456],[23.743,53.365],[23.783,53.271],[23.848,53.184],[23.894,53.152],[23.861,53.087],[23.91,53.013],[23.92,52.773],[23.909,52.7],[23.869,52.67],[23.736,52.615],[23.569,52.586],[23.392,52.51],[23.212,52.348],[23.176,52.285],[23.212,52.232],[23.396,52.2],[23.485,52.159],[23.512,52.124],[23.579,52.122],[23.637,52.084],[23.676,51.994],[23.648,51.974],[23.595,51.843],[23.629,51.81],[23.56,51.755],[23.56,51.672],[23.54,51.607],[23.606,51.517],[23.626,51.541],[23.594,51.605],[23.629,51.629],[23.75,51.644],[23.885,51.62],[23.941,51.582],[23.981,51.586],[24.131,51.67],[24.244,51.718],[24.296,51.808],[24.391,51.88],[24.64,51.892],[24.722,51.882],[25.003,51.91],[25.093,51.94],[25.183,51.95],[25.352,51.921],[25.683,51.918],[25.768,51.929],[25.981,51.903],[26.081,51.901],[26.175,51.857],[26.408,51.851],[26.446,51.806],[26.666,51.801],[26.855,51.749],[26.921,51.743],[27.022,51.765],[27.178,51.747],[27.204,51.655],[27.277,51.651],[27.254,51.595],[27.388,51.591],[27.512,51.623],[27.705,51.568],[27.664,51.493],[27.73,51.465],[27.787,51.511],[27.813,51.602],[27.854,51.615],[27.936,51.567],[28.071,51.558],[28.114,51.576],[28.166,51.633],[28.21,51.652],[28.311,51.574],[28.347,51.525],[28.435,51.566],[28.488,51.572],[28.604,51.554],[28.631,51.464],[28.704,51.443],[28.8,51.533],[28.864,51.559],[28.955,51.563],[29.044,51.626],[29.124,51.625],[29.16,51.603],[29.227,51.519],[29.221,51.467],[29.265,51.433],[29.297,51.374],[29.403,51.396],[29.466,51.385],[29.505,51.437],[29.568,51.45],[29.618,51.486],[29.7,51.484],[29.738,51.439],[29.829,51.43],[29.886,51.465],[29.925,51.458],[30.009,51.482],[30.149,51.484],[30.205,51.466],[30.329,51.389],[30.32,51.342],[30.355,51.305],[30.428,51.292],[30.465,51.262],[30.555,51.243],[30.58,51.304],[30.638,51.336],[30.623,51.412],[30.588,51.427],[30.584,51.542],[30.534,51.553],[30.57,51.7],[30.614,51.703],[30.671,51.791],[30.662,51.819],[30.803,51.939],[30.858,51.958],[30.941,52.02],[30.959,52.075],[31.135,52.077],[31.205,52.044],[31.252,52.044],[31.304,52.097],[31.383,52.117],[31.475,52.118],[31.65,52.097],[31.764,52.101],[31.763,52.15],[31.699,52.185],[31.683,52.257],[31.631,52.265],[31.567,52.311],[31.608,52.372],[31.583,52.403],[31.588,52.483],[31.553,52.502],[31.579,52.578],[31.481,52.683],[31.57,52.725],[31.561,52.787],[31.505,52.849],[31.388,52.888],[31.323,52.977],[31.247,53.014],[31.362,53.12]]]},"properties":{"id":"BY","unit":"BY","name":"Belarus","level":"unit"}},{"type":"Feature","geometry":{"type":"MultiPolygon","coordinates":[[[[25.552,57.95],[25.602,57.912],[25.704,57.921],[25.793,57.856],[26.003,57.846],[26.025,57.774],[26.169,57.704],[26.263,57.621],[26.351,57.58],[26.431,57.562],[26.5,57.516],[26.7,57.571],[26.796,57.571],[26.839,57.61],[26.947,57.615],[27.062,57.556],[27.166,57.547],[27.32,57.516],[27.353,57.528],[27.328,57.583],[27.375,57.598],[27.377,57.657],[27.408,57.689],[27.508,57.715],[27.502,57.773],[27.556,57.813],[27.701,57.825],[27.799,57.861],[27.774,57.891],[27.673,57.913],[27.669,57.992],[27.632,58.004],[27.63,58.088],[27.52,58.195],[27.483,58.269],[27.494,58.32],[27.555,58.395],[27.429,58.709],[27.411,58.755],[27.446,58.819],[27.478,58.875],[27.696,58.977],[27.784,59.077],[27.842,59.161],[27.904,59.29],[27.96,59.306],[28.077,59.305],[28.114,59.345],[28.186,59.375],[28.105,59.439],[28.019,59.482],[27.953,59.428],[27.873,59.408],[27.717,59.427],[27.563,59.432],[27.409,59.452],[27.116,59.442],[26.938,59.45],[26.781,59.503],[26.665,59.552],[26.585,59.56],[26.458,59.546],[26.28,59.587],[26.091,59.586],[26.002,59.633],[25.945,59.595],[25.883,59.631],[25.837,59.576],[25.781,59.636],[25.685,59.629],[25.719,59.588],[25.677,59.566],[25.479,59.652],[25.497,59.571],[25.408,59.491],[25.194,59.523],[25.146,59.539],[25.077,59.501],[25.012,59.518],[24.909,59.512],[24.803,59.571],[24.773,59.56],[24.816,59.489],[24.744,59.447],[24.698,59.491],[24.625,59.439],[24.548,59.463],[24.498,59.444],[24.4,59.479],[24.334,59.471],[24.306,59.419],[24.081,59.395],[24.028,59.358],[24.092,59.313],[23.936,59.281],[23.757,59.284],[23.718,59.231],[23.642,59.257],[23.57,59.224],[23.471,59.212],[23.519,59.125],[23.435,59.056],[23.435,59.004],[23.625,58.973],[23.422,58.909],[23.526,58.82],[23.58,58.792],[23.784,58.801],[23.783,58.756],[23.697,58.751],[23.53,58.723],[23.493,58.673],[23.518,58.604],[23.586,58.544],[23.664,58.536],[23.677,58.435],[23.741,58.343],[23.855,58.34],[23.98,58.318],[24.112,58.241],[24.156,58.277],[24.211,58.271],[24.287,58.319],[24.296,58.355],[24.362,58.397],[24.444,58.386],[24.529,58.351],[24.549,58.289],[24.471,58.251],[24.464,58.072],[24.398,58.023],[24.306,57.868],[24.402,57.866],[24.429,57.9],[24.534,57.945],[24.582,57.946],[24.685,57.948],[24.734,57.992],[24.827,57.982],[24.949,58.006],[25.035,58.049],[25.094,58.067],[25.167,58.059],[25.202,57.992],[25.284,58.008],[25.318,58.041],[25.42,58.008],[25.552,57.95]]],[[[23.364,59.029],[23.208,59.044],[23.114,59.022],[23.148,58.974],[23.279,58.971],[23.394,58.996],[23.364,59.029]]],[[[23.231,58.505],[23.148,58.522],[23.091,58.571],[22.9,58.62],[22.811,58.623],[22.736,58.588],[22.641,58.589],[22.583,58.635],[22.463,58.593],[22.322,58.585],[22.114,58.498],[22.064,58.457],[21.996,58.513],[21.928,58.518],[21.901,58.468],[21.99,58.387],[21.945,58.319],[21.868,58.265],[22.017,58.234],[22.072,58.176],[22.203,58.148],[22.136,58.077],[22.086,58.083],[22.005,57.991],[21.963,57.984],[22.017,57.914],[22.048,57.915],[22.19,57.984],[22.2,58.026],[22.257,58.093],[22.272,58.174],[22.323,58.207],[22.535,58.254],[22.757,58.242],[22.903,58.312],[22.969,58.36],[23.087,58.395],[23.157,58.478],[23.235,58.44],[23.333,58.456],[23.231,58.505]]],[[[23.382,58.58],[23.349,58.635],[23.288,58.666],[23.155,58.676],[23.121,58.628],[23.059,58.603],[23.224,58.535],[23.362,58.532],[23.382,58.58]]],[[[22.292,58.895],[22.382,58.882],[22.44,58.841],[22.443,58.803],[22.556,58.687],[22.655,58.703],[22.737,58.806],[22.79,58.781],[22.887,58.79],[22.88,58.833],[22.957,58.847],[23.041,58.841],[23.015,58.892],[22.959,58.927],[22.934,58.984],[22.837,59.009],[22.737,59.005],[22.692,59.041],[22.714,59.07],[22.598,59.09],[22.544,59.03],[22.488,59.016],[22.463,58.971],[22.168,58.95],[22.063,58.926],[22.195,58.888],[22.292,58.895]]]]},"properties":{"id":"EE","unit":"EE","name":"Estonia","level":"unit"}},{"type":"Feature","geometry":{"type":"Polygon","coordinates":[[[23.481,59.071],[23.495,59.196],[24.084,59.292],[24.38,59.473],[25.444,59.521],[25.509,59.639],[26.625,59.554],[26.975,59.451],[27.892,59.414],[28.454,59.814],[28.947,59.829],[29.147,60],[30.122,59.874],[29.721,60.195],[29.069,60.192],[28.643,60.375],[28.651,60.611],[27.462,60.465],[27.242,60.539],[26.535,60.413],[25.656,60.333],[24.343,60.042],[23.463,59.986],[22.94,59.809],[23.481,59.071]]]},"properties":{"id":"GULF-OF-FINLAND","unit":"GULF-OF-FINLAND","name":"Gulf of Finland","level":"unit"}},{"type":"Feature","geometry":{"type":"MultiPolygon","coordinates":[[[[26.595,55.667],[26.481,55.678],[26.28,55.743],[26.227,55.797],[26.179,55.85],[25.961,55.958],[25.871,55.992],[25.795,56.04],[25.709,56.081],[25.65,56.144],[25.523,56.157],[25.349,56.16],[25.109,56.183],[25.073,56.198],[24.962,56.319],[24.91,56.422],[24.871,56.443],[24.806,56.409],[24.679,56.377],[24.573,56.31],[24.447,56.261],[24.288,56.296],[24.14,56.258],[23.981,56.312],[23.871,56.332],[23.725,56.329],[23.707,56.354],[23.61,56.354],[23.518,56.329],[23.378,56.355],[23.288,56.373],[23.173,56.358],[23.113,56.311],[23.017,56.324],[22.957,56.402],[22.86,56.397],[22.681,56.35],[22.578,56.387],[22.512,56.396],[22.215,56.39],[22.094,56.417],[21.983,56.388],[21.965,56.384],[21.737,56.324],[21.596,56.308],[21.485,56.266],[21.419,56.237],[21.328,56.224],[21.23,56.163],[21.19,56.084],[21.053,56.073],[21.058,55.952],[21.045,55.874],[21.074,55.745],[21.141,55.688],[21.223,55.52],[21.247,55.37],[21.289,55.305],[21.268,55.249],[21.35,55.288],[21.406,55.272],[21.504,55.194],[21.605,55.192],[21.751,55.128],[21.82,55.119],[21.951,55.08],[22.015,55.088],[22.028,55.044],[22.1,55.03],[22.143,55.055],[22.27,55.07],[22.436,55.058],[22.541,55.076],[22.571,55.064],[22.633,54.958],[22.716,54.951],[22.749,54.91],[22.809,54.894],[22.848,54.814],[22.833,54.779],[22.725,54.723],[22.682,54.57],[22.68,54.453],[22.767,54.356],[22.811,54.393],[22.859,54.399],[22.973,54.375],[23.042,54.341],[23.05,54.295],[23.117,54.303],[23.235,54.254],[23.336,54.226],[23.433,54.169],[23.474,54.113],[23.496,54.022],[23.459,53.992],[23.486,53.939],[23.643,53.899],[23.787,53.928],[23.828,53.92],[23.92,53.948],[24.045,53.931],[24.137,53.955],[24.201,53.952],[24.257,53.894],[24.378,53.887],[24.529,53.958],[24.678,53.992],[24.724,53.963],[24.789,53.97],[24.821,54.02],[24.782,54.093],[24.851,54.145],[25.072,54.132],[25.157,54.176],[25.194,54.244],[25.37,54.248],[25.472,54.297],[25.554,54.231],[25.493,54.158],[25.632,54.128],[25.74,54.146],[25.787,54.232],[25.715,54.285],[25.696,54.321],[25.564,54.303],[25.53,54.346],[25.613,54.422],[25.62,54.488],[25.646,54.52],[25.74,54.569],[25.71,54.676],[25.724,54.78],[25.778,54.805],[25.783,54.87],[25.908,54.948],[25.981,54.943],[26.103,54.957],[26.17,54.993],[26.225,55.055],[26.233,55.112],[26.309,55.145],[26.42,55.128],[26.473,55.146],[26.579,55.119],[26.616,55.135],[26.634,55.192],[26.74,55.243],[26.801,55.273],[26.769,55.3],[26.603,55.317],[26.542,55.308],[26.445,55.338],[26.508,55.439],[26.543,55.46],[26.532,55.516],[26.596,55.568],[26.595,55.667]]],[[[20.989,55.273],[21.038,55.329],[21.087,55.441],[20.925,55.283],[20.989,55.273]]]]},"properties":{"id":"LT","unit":"LT","name":"Lithuania","level":"unit"}},{"type":"Feature","geometry":{"type":"Polygon","coordinates":[[[25.035,58.049],[24.949,58.006],[24.827,57.982],[24.734,57.992],[24.685,57.948],[24.582,57.946],[24.534,57.945],[24.429,57.9],[24.402,57.866],[24.306,57.868],[24.289,57.845],[24.3,57.744],[24.358,57.685],[24.395,57.4],[24.405,57.348],[24.401,57.258],[24.331,57.2],[24.211,57.124],[24.113,57.089],[24.036,57.069],[23.927,57.006],[23.695,56.967],[23.579,56.982],[23.509,57.031],[23.34,57.059],[23.25,57.114],[23.222,57.207],[23.16,57.319],[23.13,57.371],[23.031,57.394],[22.995,57.412],[22.879,57.481],[22.656,57.586],[22.587,57.665],[22.6,57.744],[22.484,57.742],[22.195,57.658],[21.956,57.593],[21.772,57.586],[21.699,57.555],[21.622,57.473],[21.512,57.379],[21.421,57.289],[21.401,57.151],[21.414,57.073],[21.382,57.009],[21.328,56.974],[21.223,56.908],[21.065,56.846],[21.046,56.656],[21.021,56.615],[21.003,56.53],[21.053,56.511],[21.063,56.494],[21.036,56.474],[21.005,56.446],[20.971,56.389],[20.971,56.26],[21.029,56.147],[21.053,56.073],[21.19,56.084],[21.23,56.163],[21.328,56.224],[21.419,56.237],[21.485,56.266],[21.596,56.308],[21.737,56.324],[21.965,56.384],[21.983,56.388],[22.094,56.417],[22.215,56.39],[22.512,56.396],[22.578,56.387],[22.681,56.35],[22.86,56.397],[22.957,56.402],[23.017,56.324],[23.113,56.311],[23.173,56.358],[23.288,56.373],[23.378,56.355],[23.518,56.329],[23.61,56.354],[23.707,56.354],[23.725,56.329],[23.871,56.332],[23.981,56.312],[24.14,56.258],[24.288,56.296],[24.447,56.261],[24.573,56.31],[24.679,56.377],[24.806,56.409],[24.871,56.443],[24.91,56.422],[24.962,56.319],[25.073,56.198],[25.109,56.183],[25.349,56.16],[25.523,56.157],[25.65,56.144],[25.709,56.081],[25.795,56.04],[25.871,55.992],[25.961,55.958],[26.179,55.85],[26.227,55.797],[26.28,55.743],[26.481,55.678],[26.595,55.667],[26.667,55.694],[26.743,55.683],[26.823,55.706],[26.9,55.779],[26.979,55.826],[27.111,55.836],[27.282,55.792],[27.35,55.831],[27.439,55.799],[27.593,55.794],[27.645,55.923],[27.76,55.975],[27.781,56.016],[27.881,56.064],[27.911,56.1],[28.051,56.141],[28.149,56.142],[28.215,56.281],[28.174,56.35],[28.168,56.427],[28.093,56.502],[28.126,56.548],[28.029,56.577],[27.997,56.604],[27.981,56.687],[27.865,56.743],[27.919,56.806],[27.831,56.864],[27.786,56.871],[27.644,56.842],[27.649,56.879],[27.715,56.957],[27.746,57.031],[27.701,57.119],[27.824,57.159],[27.84,57.291],[27.694,57.356],[27.641,57.389],[27.511,57.43],[27.528,57.528],[27.353,57.528],[27.32,57.516],[27.166,57.547],[27.062,57.556],[26.947,57.615],[26.839,57.61],[26.796,57.571],[26.7,57.571],[26.5,57.516],[26.431,57.562],[26.351,57.58],[26.263,57.621],[26.169,57.704],[26.025,57.774],[26.003,57.846],[25.793,57.856],[25.704,57.921],[25.602,57.912],[25.552,57.95],[25.42,58.008],[25.318,58.041],[25.284,58.008],[25.202,57.992],[25.167,58.059],[25.094,58.067],[25.035,58.049]]]},"properties":{"id":"LV","unit":"LV","name":"Latvia","level":"unit"}},{"type":"Feature","geometry":{"type":"Polygon","coordinates":[[[19.449,49.6],[19.505,49.563],[19.557,49.454],[19.635,49.441],[19.627,49.402],[19.769,49.393],[19.783,49.29],[19.807,49.275],[19.752,49.219],[19.832,49.186],[19.906,49.223],[19.966,49.216],[20.017,49.184],[20.07,49.183],[20.086,49.243],[20.13,49.304],[20.207,49.334],[20.284,49.339],[20.33,49.392],[20.522,49.374],[20.605,49.4],[20.69,49.401],[20.778,49.331],[20.942,49.296],[21.017,49.352],[21.073,49.357],[21.054,49.414],[21.125,49.424],[21.173,49.398],[21.274,49.447],[21.428,49.41],[21.514,49.417],[21.601,49.426],[21.692,49.402],[21.758,49.349],[21.82,49.377],[21.928,49.331],[21.993,49.278],[22.012,49.211],[22.041,49.197],[22.198,49.172],[22.216,49.14],[22.339,49.126],[22.39,49.093],[22.581,49.081],[22.643,49.043],[22.744,49.046],[22.855,48.994],[22.853,49.085],[22.706,49.169],[22.738,49.275],[22.724,49.367],[22.68,49.419],[22.641,49.529],[22.666,49.567],[22.777,49.68],[22.827,49.697],[22.888,49.77],[22.924,49.785],[23.101,49.957],[23.436,50.193],[23.565,50.258],[23.659,50.327],[23.682,50.368],[23.748,50.389],[23.929,50.391],[23.981,50.405],[24.011,50.493],[24.106,50.539],[24.085,50.604],[24.108,50.63],[24.075,50.69],[24.027,50.728],[24.026,50.767],[23.974,50.776],[23.97,50.825],[24.131,50.839],[24.13,50.869],[23.979,50.938],[23.912,51.007],[23.904,51.063],[23.854,51.122],[23.875,51.136],[23.743,51.216],[23.687,51.292],[23.634,51.339],[23.698,51.404],[23.649,51.454],[23.663,51.48],[23.606,51.517],[23.54,51.607],[23.56,51.672],[23.56,51.755],[23.629,51.81],[23.595,51.843],[23.648,51.974],[23.676,51.994],[23.637,52.084],[23.579,52.122],[23.512,52.124],[23.485,52.159],[23.396,52.2],[23.212,52.232],[23.176,52.285],[23.212,52.348],[23.392,52.51],[23.569,52.586],[23.736,52.615],[23.869,52.67],[23.909,52.7],[23.92,52.773],[23.91,53.013],[23.861,53.087],[23.894,53.152],[23.848,53.184],[23.783,53.271],[23.743,53.365],[23.676,53.456],[23.591,53.611],[23.565,53.742],[23.53,53.784],[23.486,53.939],[23.459,53.992],[23.496,54.022],[23.474,54.113],[23.433,54.169],[23.336,54.226],[23.235,54.254],[23.117,54.303],[23.05,54.295],[23.042,54.341],[22.973,54.375],[22.859,54.399],[22.811,54.393],[22.767,54.356],[22.698,54.343],[21.721,54.373],[20.93,54.398],[20.352,54.416],[19.758,54.434],[19.61,54.457],[19.531,54.415],[19.377,54.378],[19.002,54.345],[18.886,54.35],[18.717,54.382],[18.694,54.405],[18.588,54.434],[18.571,54.55],[18.517,54.63],[18.476,54.64],[18.474,54.688],[18.413,54.732],[18.429,54.782],[18.708,54.701],[18.784,54.624],[18.814,54.643],[18.752,54.69],[18.317,54.838],[18.152,54.838],[17.885,54.824],[17.716,54.79],[17.337,54.749],[17.036,54.667],[16.94,54.606],[16.785,54.577],[16.57,54.557],[16.501,54.532],[16.324,54.401],[16.337,54.359],[16.241,54.325],[16.22,54.277],[15.86,54.25],[15.666,54.198],[15.288,54.139],[15.01,54.07],[14.782,54.035],[14.517,53.965],[14.367,53.917],[14.193,53.911],[14.275,53.831],[14.405,53.844],[14.441,53.87],[14.576,53.855],[14.624,53.77],[14.576,53.77],[14.545,53.704],[14.576,53.66],[14.415,53.682],[14.342,53.715],[14.264,53.7],[14.261,53.656],[14.297,53.598],[14.304,53.509],[14.36,53.444],[14.409,53.272],[14.442,53.252],[14.378,53.177],[14.39,53.132],[14.343,53.049],[14.254,53.001],[14.144,52.96],[14.161,52.877],[14.124,52.851],[14.216,52.818],[14.382,52.738],[14.432,52.686],[14.55,52.636],[14.608,52.596],[14.645,52.577],[14.609,52.518],[14.632,52.497],[14.54,52.422],[14.545,52.382],[14.607,52.276],[14.697,52.253],[14.712,52.215],[14.686,52.121],[14.761,52.077],[14.699,51.993],[14.696,51.931],[14.653,51.879],[14.596,51.842],[14.586,51.804],[14.634,51.769],[14.648,51.717],[14.72,51.676],[14.744,51.607],[14.713,51.567],[14.732,51.516],[14.911,51.469],[14.945,51.449],[14.951,51.397],[14.964,51.328],[15.019,51.272],[14.96,51.105],[14.955,51.064],[14.86,50.917],[14.81,50.877],[14.982,50.859],[14.997,51.008],[15.119,50.982],[15.227,50.977],[15.27,50.953],[15.253,50.914],[15.288,50.855],[15.341,50.832],[15.35,50.784],[15.442,50.8],[15.642,50.756],[15.684,50.731],[15.767,50.744],[15.848,50.675],[15.971,50.679],[16.024,50.609],[16.086,50.647],[16.175,50.624],[16.219,50.659],[16.332,50.644],[16.417,50.587],[16.383,50.514],[16.303,50.496],[16.211,50.451],[16.19,50.424],[16.263,50.364],[16.334,50.372],[16.371,50.318],[16.438,50.298],[16.535,50.208],[16.584,50.127],[16.661,50.093],[16.701,50.095],[16.818,50.187],[16.881,50.192],[16.96,50.232],[16.988,50.285],[16.927,50.319],[16.866,50.408],[16.944,50.42],[17.185,50.376],[17.211,50.336],[17.317,50.319],[17.335,50.27],[17.606,50.258],[17.685,50.312],[17.734,50.289],[17.738,50.202],[17.584,50.146],[17.633,50.106],[17.719,50.081],[17.763,50.025],[17.839,49.974],[18.032,50.003],[18.019,50.044],[18.256,49.946],[18.307,49.91],[18.369,49.932],[18.482,49.897],[18.559,49.907],[18.567,49.805],[18.637,49.7],[18.728,49.669],[18.773,49.676],[18.835,49.548],[18.833,49.51],[18.932,49.504],[18.952,49.476],[18.962,49.389],[19.068,49.406],[19.173,49.402],[19.22,49.493],[19.249,49.516],[19.347,49.533],[19.449,49.6]]]},"properties":{"id":"PL","unit":"PL","name":"Poland","level":"unit"}},{"type":"Feature","geometry":{"type":"Polygon","coordinates":[[[21.268,55.249],[21.268,55.212],[21.181,55.193],[21.23,54.939],[21.079,54.9],[20.86,54.911],[20.764,54.948],[20.577,54.939],[20.531,54.965],[20.688,55.051],[20.824,55.143],[20.913,55.233],[20.989,55.273],[20.925,55.283],[20.808,55.176],[20.634,55.049],[20.482,54.976],[20.366,54.946],[20.206,54.958],[20.034,54.948],[19.977,54.965],[19.921,54.89],[19.962,54.773],[19.93,54.719],[19.832,54.598],[19.734,54.526],[19.61,54.457],[19.758,54.434],[20.352,54.416],[20.93,54.398],[21.721,54.373],[22.698,54.343],[22.767,54.356],[22.68,54.453],[22.682,54.57],[22.725,54.723],[22.833,54.779],[22.848,54.814],[22.809,54.894],[22.749,54.91],[22.716,54.951],[22.633,54.958],[22.571,55.064],[22.541,55.076],[22.436,55.058],[22.27,55.07],[22.143,55.055],[22.1,55.03],[22.028,55.044],[22.015,55.088],[21.951,55.08],[21.82,55.119],[21.751,55.128],[21.605,55.192],[21.504,55.194],[21.406,55.272],[21.35,55.288],[21.268,55.249]]]},"properties":{"id":"RU-KGD","unit":"RU-KGD","name":"Kaliningrad Oblast","level":"unit"}},{"type":"Feature","geometry":{"type":"MultiPolygon","coordinates":[[[[30.907,55.578],[30.92,55.534],[30.887,55.468],[30.919,55.408],[30.846,55.351],[30.794,55.286],[30.857,55.253],[30.887,55.205],[30.96,55.163],[30.97,55.101],[31.006,55.042],[30.907,55.013],[30.936,54.973],[30.899,54.946],[30.815,54.928],[30.826,54.877],[30.768,54.83],[30.771,54.786],[30.981,54.706],[30.999,54.671],[31.105,54.668],[31.168,54.622],[31.065,54.492],[31.179,54.453],[31.209,54.448],[31.285,54.347],[31.325,54.229],[31.506,54.144],[31.748,54.086],[31.771,54.049],[31.824,54.045],[31.847,53.992],[31.81,53.883],[31.754,53.82],[31.787,53.794],[31.873,53.777],[32.084,53.81],[32.165,53.782],[32.29,53.761],[32.372,53.714],[32.462,53.707],[32.481,53.662],[32.399,53.635],[32.411,53.582],[32.453,53.546],[32.554,53.511],[32.577,53.486],[32.65,53.488],[32.718,53.431],[32.826,53.444],[32.908,53.493],[32.899,53.569],[33.008,53.632],[33.13,53.718],[33.199,53.732],[33.204,53.792],[33.289,53.822],[33.248,53.89],[33.287,53.954],[33.349,53.982],[33.388,53.954],[33.475,53.972],[33.424,54.049],[33.465,54.085],[33.544,54.097],[33.562,54.156],[33.614,54.179],[33.619,54.234],[33.684,54.321],[33.617,54.381],[33.669,54.441],[33.643,54.485],[33.729,54.562],[33.889,54.559],[33.927,54.572],[34.026,54.552],[34.108,54.55],[34.213,54.505],[34.326,54.43],[34.416,54.451],[34.387,54.499],[34.436,54.512],[34.5,54.632],[34.467,54.686],[34.654,54.663],[34.817,54.709],[34.921,54.772],[34.853,54.814],[34.866,54.884],[35.002,54.887],[35.072,54.959],[35.131,54.962],[35.144,55.022],[35.226,55.055],[35.284,55.112],[35.3,55.186],[35.37,55.239],[35.301,55.299],[35.292,55.381],[35.314,55.432],[35.303,55.571],[35.372,55.562],[35.397,55.617],[35.347,55.665],[35.316,55.727],[35.354,55.779],[35.248,55.876],[35.207,55.938],[35.031,55.984],[34.825,55.952],[34.76,55.968],[34.68,55.921],[34.631,55.918],[34.374,56.014],[34.323,55.996],[34.28,56.045],[34.201,56.075],[34.081,56.055],[33.971,56.056],[33.917,56.073],[33.845,56.008],[33.838,55.949],[33.66,55.946],[33.67,55.865],[33.569,55.816],[33.505,55.755],[33.417,55.734],[33.372,55.703],[33.225,55.698],[33.188,55.653],[32.989,55.655],[32.939,55.632],[32.841,55.667],[32.722,55.69],[32.587,55.68],[32.502,55.703],[32.446,55.684],[32.337,55.712],[32.294,55.682],[32.094,55.674],[32.083,55.708],[31.995,55.749],[31.894,55.77],[31.806,55.75],[31.755,55.714],[31.586,55.747],[31.467,55.729],[31.406,55.831],[31.413,55.89],[31.345,55.964],[31.498,56.029],[31.511,56.052],[31.474,56.119],[31.492,56.301],[31.341,56.309],[31.298,56.347],[31.231,56.346],[31.215,56.435],[31.062,56.473],[31.017,56.519],[31.08,56.623],[31.041,56.684],[30.913,56.656],[30.862,56.667],[30.817,56.72],[30.798,56.8],[30.89,56.808],[30.896,56.897],[30.978,56.917],[31,56.965],[31.118,56.931],[31.307,56.969],[31.444,56.935],[31.546,56.94],[31.678,57.013],[31.673,57.065],[31.722,57.106],[31.801,57.093],[31.967,57.117],[32.102,57.157],[32.133,57.184],[32.272,57.195],[32.278,57.241],[32.41,57.24],[32.668,57.346],[32.689,57.405],[32.807,57.46],[32.93,57.457],[33.046,57.437],[33.092,57.468],[33.216,57.454],[33.25,57.49],[33.235,57.543],[33.309,57.566],[33.325,57.655],[33.477,57.687],[33.537,57.72],[33.581,57.858],[33.668,57.879],[33.701,57.927],[33.686,58.003],[33.63,58.037],[33.545,58.047],[33.639,58.129],[33.719,58.158],[33.869,58.144],[34.033,58.195],[34.142,58.208],[34.488,58.146],[34.651,58.081],[34.71,58.088],[34.684,58.197],[34.786,58.242],[34.84,58.227],[34.939,58.236],[35.035,58.2],[35.148,58.224],[35.269,58.271],[35.279,58.359],[35.394,58.431],[35.449,58.419],[35.552,58.448],[35.935,58.423],[35.941,58.455],[36.093,58.508],[36.163,58.511],[36.22,58.612],[36.157,58.613],[36.126,58.695],[35.979,58.729],[35.957,58.752],[35.836,58.745],[35.81,58.795],[35.751,58.827],[35.617,58.817],[35.595,58.833],[35.398,58.844],[35.266,58.765],[35.199,58.83],[35.125,58.815],[35.131,58.937],[35.025,58.942],[34.831,58.991],[34.879,59.043],[34.736,59.067],[34.73,59.103],[34.798,59.102],[34.812,59.146],[34.901,59.238],[34.957,59.227],[35.038,59.251],[35.135,59.254],[35.301,59.301],[35.335,59.353],[35.394,59.362],[35.449,59.428],[35.324,59.507],[35.462,59.482],[35.441,59.52],[35.496,59.554],[35.497,59.647],[35.593,59.623],[35.634,59.64],[35.639,59.7],[35.424,59.701],[35.398,59.729],[35.382,59.875],[35.474,59.923],[35.404,59.974],[35.238,59.985],[35.087,60.041],[35.157,60.067],[35.147,60.269],[35.231,60.341],[35.252,60.445],[35.259,60.585],[35.228,60.683],[35.154,60.787],[35.281,60.85],[35.44,60.862],[35.514,60.929],[35.489,60.959],[35.536,61.01],[35.628,61.058],[35.686,61.121],[35.679,61.152],[35.602,61.188],[35.392,61.162],[35.328,61.192],[35.358,61.26],[35.258,61.254],[34.822,61.278],[34.741,61.32],[34.639,61.279],[34.544,61.27],[34.459,61.225],[34.457,61.168],[34.391,61.149],[34.339,61.202],[34.216,61.242],[33.535,61.221],[33.447,61.168],[33.452,61.134],[33.585,61.071],[33.696,61.122],[33.802,61.116],[33.867,61.071],[33.812,60.991],[33.752,60.944],[33.561,60.967],[33.48,60.999],[33.406,60.989],[33.423,60.936],[33.253,60.899],[33.155,60.841],[33.148,60.787],[33.078,60.738],[32.91,60.724],[32.795,60.655],[32.703,60.646],[29.87,61.176],[29.576,61.171],[29.491,61.239],[29.277,61.305],[29.203,61.246],[28.798,61.097],[28.689,61.027],[28.615,60.962],[28.481,60.933],[28.336,60.859],[28.244,60.792],[28.148,60.758],[27.981,60.649],[27.893,60.604],[27.846,60.558],[27.9,60.528],[28.034,60.526],[28.158,60.553],[28.216,60.548],[28.401,60.665],[28.574,60.683],[28.655,60.728],[28.722,60.721],[28.713,60.67],[28.658,60.594],[28.661,60.535],[28.707,60.478],[28.659,60.464],[28.544,60.51],[28.494,60.565],[28.439,60.56],[28.607,60.389],[28.724,60.345],[28.788,60.341],[28.922,60.28],[29.015,60.197],[29.092,60.178],[29.418,60.169],[29.525,60.201],[29.701,60.201],[29.849,60.167],[29.9,60.134],[29.891,60.101],[29.948,60.03],[30.001,60.012],[30.21,60.001],[30.246,59.975],[30.193,59.881],[30.115,59.871],[29.863,59.918],[29.804,59.94],[29.697,59.95],[29.266,59.998],[29.161,60.003],[29.089,59.98],[29.014,59.93],[29.034,59.887],[28.976,59.831],[28.884,59.817],[28.846,59.79],[28.582,59.834],[28.517,59.862],[28.428,59.813],[28.418,59.708],[28.375,59.666],[28.224,59.691],[28.185,59.759],[28.087,59.799],[28.007,59.758],[27.993,59.703],[28.073,59.578],[28.019,59.482],[28.105,59.439],[28.186,59.375],[28.114,59.345],[28.077,59.305],[27.96,59.306],[27.904,59.29],[27.842,59.161],[27.784,59.077],[27.696,58.977],[27.478,58.875],[27.446,58.819],[27.411,58.755],[27.429,58.709],[27.555,58.395],[27.494,58.32],[27.483,58.269],[27.52,58.195],[27.63,58.088],[27.632,58.004],[27.669,57.992],[27.673,57.913],[27.774,57.891],[27.799,57.861],[27.701,57.825],[27.556,57.813],[27.502,57.773],[27.508,57.715],[27.408,57.689],[27.377,57.657],[27.375,57.598],[27.328,57.583],[27.353,57.528],[27.528,57.528],[27.511,57.43],[27.641,57.389],[27.694,57.356],[27.84,57.291],[27.824,57.159],[27.701,57.119],[27.746,57.031],[27.715,56.957],[27.649,56.879],[27.644,56.842],[27.786,56.871],[27.831,56.864],[27.919,56.806],[27.865,56.743],[27.981,56.687],[27.997,56.604],[28.029,56.577],[28.126,56.548],[28.093,56.502],[28.168,56.427],[28.174,56.35],[28.215,56.281],[28.149,56.142],[28.29,56.047],[28.39,56.089],[28.538,56.098],[28.621,56.083],[28.681,56.027],[28.706,55.96],[28.809,55.935],[28.86,55.976],[29.031,56.024],[29.145,56.012],[29.224,55.978],[29.377,55.954],[29.441,55.915],[29.392,55.888],[29.344,55.787],[29.363,55.751],[29.461,55.687],[29.508,55.685],[29.585,55.738],[29.684,55.771],[29.806,55.771],[29.869,55.831],[29.988,55.847],[30.106,55.822],[30.218,55.855],[30.271,55.831],[30.469,55.794],[30.481,55.754],[30.57,55.73],[30.596,55.665],[30.694,55.652],[30.742,55.594],[30.848,55.611],[30.907,55.578]]],[[[28.712,60.295],[28.603,60.341],[28.544,60.316],[28.624,60.27],[28.712,60.295]]]]},"properties":{"id":"RU-W","unit":"RU-W","name":"Western Russia","level":"unit"}}]}
